mean_one,std_one,std_zero,var_one,var_zero,skew_one,skew_zero,kurt_one,kurt_zero,rms_one,rms_zero,en_one,en_zero,max_one,max_zero,min_one,min_zero,mse_one,cos_one,cos_zero,msg_size,char_len,label
4.3633031594,0.0213438208,1.8726728221,0.0004555587,3.5069034985,0.5088049518,-1.7696135574,-1.6002879166,1.1343549816,4.3633553625,2.0529701553,19.0388700191,4.2146864585,4.4782860805,1.6261787774,4.3026520585,-5.0000000000,1.1310691674,0.9999880360,-0.4097957174,small,13,A
4.3902357420,0.0078677623,0.4339728785,0.0000619017,0.1883324593,-57.9346359480,-11.3436182770,13164.8224325637,126.7512249914,4.3902427919,0.4354908766,19.2742317719,0.1896523036,4.5220801416,0.3099154637,2.4597918638,-5.0000000000,1.1886758748,0.9999983942,-0.0834223256,medium,44,A
4.6518243271,0.0129534999,0.0109910884,0.0001677932,0.0001208040,-39.6761533270,-1.8829249946,7310.3540358313,89.4876086664,4.6518423622,0.0109994962,21.6396373631,0.0001209889,4.8292489395,0.3976561785,1.9333475753,-0.2165222168,1.8275968044,0.9999961230,0.0390917653,medium,44,B
4.6518892293,0.0132540683,0.4146275301,0.0001756703,0.1719159887,-54.3838144437,-11.8677272443,10646.1943866588,139.2094941670,4.6519081109,0.4160208827,21.6402490722,0.1730733749,4.8292489395,1.5822321238,1.6701254311,-5.0000000000,1.8277801587,0.9999959411,-0.0817756513,medium,44,B
4.6503906535,0.0422099860,0.0210954740,0.0017816829,0.0004450190,-60.1087738282,33.8919238026,3991.5968913135,2072.0978219752,4.6505822123,0.0211039423,21.6279149130,0.0004453764,4.9169896542,1.2312692648,1.8456068606,-0.3482055664,1.8253366000,0.9999588097,-0.0283263044,small,13,B
4.3905305885,0.0180282218,1.4182801315,0.0003250168,2.0115185314,-68.5015891808,-2.9043890634,7363.4457083863,6.4366023026,4.3905676017,1.4847595820,19.2770838650,2.2045110162,4.9169896542,1.3629566332,2.2843104343,-5.0000000000,1.1895819812,0.9999915698,-0.2958789455,medium,44,A
4.3915900656,0.0142891762,0.0141613116,0.0002041806,0.0002005427,-55.0369636698,40.4761316629,6486.1267212486,4843.7289923755,4.3916133123,0.0142836686,19.2862674848,0.0002040232,4.8730430006,1.3629566332,2.7669606616,-0.6114196777,1.1917730519,0.9999947066,0.1306103130,medium,44,A
4.6507351360,0.0262160776,0.9097833279,0.0006872827,0.8277057037,-65.5398534635,-5.1176271198,6051.4127224326,24.2010634222,4.6508090251,0.9257270323,21.6300245876,0.8569705383,4.8730430006,1.4944914090,1.7139194922,-5.0000000000,1.8251726903,0.9999841126,-0.1847949467,large,174,B
4.4334872994,0.0273267091,0.0130926508,0.0007467490,0.0001714175,-68.8784853113,-1.5745675655,6126.7480611789,2492.6928917454,4.4335715155,0.0131729282,19.6565563831,0.0001735260,5.0000000000,1.0995818964,1.7578661458,-0.7431030273,1.2855402070,0.9999810049,0.1102320301,medium,44,A
4.3713107989,0.0331605088,0.0077279271,0.0010996193,0.0000597209,-29.9165679438,-6.4570699769,1559.6901437016,70.0676614497,4.3714365740,0.0079147076,19.1094577203,0.0000626426,4.4343394269,0.0466933195,2.6354258858,-0.1725769043,1.1488064473,0.9999712280,0.2159662439,small,13,A
4.6503027682,0.0253814825,0.0155411363,0.0006442197,0.0002415269,-66.1211170446,32.7687808650,6417.8952266874,2970.6300041402,4.6503720341,0.0155412438,21.6259600556,0.0002415303,4.8730430006,1.5822321238,1.8894009217,-0.2165222168,1.8239617855,0.9999851053,-0.0037186361,large,174,B
4.6516134125,0.0247031741,1.3544520682,0.0006102468,1.8345404050,-72.3731611875,-3.1033122862,7443.9767953779,7.6319309125,4.6516790072,1.4116146067,21.6381175862,1.9926557980,4.8730430006,1.4944914090,1.7139194922,-5.0000000000,1.8274690637,0.9999858987,-0.2816896773,large,174,B
4.3958679583,0.0155870325,2.5004018980,0.0002429556,6.2520096515,4.8317930067,-0.0367822157,77.8488744289,-1.9986287089,4.3958955928,3.5028693414,19.3238980624,12.2700936232,4.7853022858,0.0466933195,4.3465987121,-5.0000000000,1.2011695376,0.9999937136,-0.7003339553,small,13,A
4.6508993181,0.0148350915,0.0152955601,0.0002200799,0.0002339542,-52.7852735545,24.3784738291,8604.6350051960,2185.8987805707,4.6509229780,0.0153028365,21.6310845472,0.0002341768,4.8292489395,1.3190099796,1.8016602069,-0.2165222168,1.8251490476,0.9999949129,-0.0308343303,medium,44,B
4.3589379261,0.0214185241,2.4718397391,0.0004587532,6.1099916959,-1.0608850959,-0.3066538492,61.7204927529,-1.9059391838,4.3589905479,3.2566057234,19.0007985967,10.6054808378,4.6537675100,0.0466933195,3.8639484848,-5.0000000000,1.1218082845,0.9999879280,-0.6510634193,small,13,A
4.4030253450,0.0247710407,0.0127162410,0.0006136045,0.0001617028,-22.1286092137,24.8809773210,1942.6648785788,3977.0369587823,4.4030950243,0.0127959945,19.3872457933,0.0001637375,4.9609363079,1.5384380627,1.8016602069,-0.6552124023,1.2172785162,0.9999841749,0.1114743752,large,174,A
4.3982125738,0.0237521471,0.3716138720,0.0005641645,0.1380968699,-32.2357414303,-13.2972058942,3325.1139275105,174.9810443803,4.3982767090,0.3725392447,19.3448380091,0.1387854889,5.0000000000,1.0557878353,1.7139194922,-5.0000000000,1.2066350218,0.9999854181,-0.0704396946,large,174,A
4.6498432980,0.0261337617,0.0128142843,0.0006829735,0.0001642059,-45.3656793745,-2.7157709329,2716.3595868767,6.8229651038,4.6499167379,0.0128575103,21.6217256698,0.0001653156,4.6975615711,0.0906399731,3.0741294595,-0.0848388672,1.8227599027,0.9999842062,-0.0819301349,small,13,B
4.4180600577,0.0216365868,1.5902461724,0.0004681419,2.5288828888,-0.1549080905,-2.4274054795,3.2313348532,3.8924794220,4.4181130378,1.6889801118,19.5197228151,2.8526538180,4.6975615711,0.0466933195,4.3465987121,-5.0000000000,1.2505264345,0.9999880084,-0.3368948640,small,13,A
4.6508876140,0.0268135906,0.0166484572,0.0007189686,0.0002771711,-64.3775180722,38.7036177267,5718.9214601263,3192.0522611358,4.6509649070,0.0166510130,21.6314745665,0.0002772562,4.8292489395,1.6261787774,1.6701254311,-0.2165222168,1.8256163142,0.9999833813,0.0175203886,large,174,B
4.3971896855,0.0277766084,0.8618231098,0.0007715400,0.7427390726,-44.2247920039,-5.4472177766,3645.6807459060,27.6794805646,4.3972774157,0.8750004104,19.3360486704,0.7656257182,5.0000000000,1.5822321238,1.6701254311,-5.0000000000,1.2045967460,0.9999800490,-0.1728951519,large,174,A
4.6498567364,0.0396860894,2.1112757606,0.0015749857,4.4574853375,-48.1960116521,-1.2673148592,2688.0390206850,-0.3937348824,4.6500260918,2.4102116284,21.6227426544,5.8091200939,4.7415082247,0.0466933195,2.2843104343,-5.0000000000,1.8236881944,0.9999635797,-0.4823635669,small,13,B
4.3977771507,0.0185080666,2.0665821375,0.0003425485,4.2707617309,6.7660671406,-1.3630883703,169.8340667385,-0.1410356853,4.3978160961,2.3364787100,19.3407864155,5.4591327622,4.9609363079,1.5822321238,4.3465987121,-5.0000000000,1.2054572211,0.9999911444,-0.4665671955,small,13,A
4.3860550887,0.0159392018,0.0066738691,0.0002540582,0.0000445405,-1.1121813298,-5.7858984447,4.3044671086,37.7959451611,4.3860840506,0.0069507505,19.2377332989,0.0000483129,4.5220801416,0.0466933195,4.3465987121,-0.0410461426,1.1797697137,0.9999933969,0.2794327912,small,13,A
4.6515948824,0.0323157651,0.0147010660,0.0010443087,0.0002161213,-61.5273176228,39.0441509993,4642.0075081086,3658.6849819518,4.6517071338,0.0147163088,21.6383792583,0.0002165697,4.8730430006,1.5822321238,1.8016602069,-0.2165222168,1.8278530347,0.9999758688,0.0455025616,large,174,B
4.6521200551,0.0224115758,0.0131539773,0.0005022787,0.0001730271,-72.5803373124,33.0258701950,7985.7953784958,2958.0446278528,4.6521740387,0.0131875026,21.6427232861,0.0001739102,4.8730430006,1.3629566332,1.6701254311,-0.2165222168,1.8287309222,0.9999883961,0.0712596538,large,174,B
4.3969974087,0.0258204340,0.9561716351,0.0006666948,0.9142641958,-53.3656381819,-4.8328108515,5273.8227915238,21.3623612563,4.3970732206,0.9744732222,19.3342529069,0.9495980609,4.9609363079,1.4067506943,1.7139194922,-5.0000000000,1.2040700095,0.9999827586,-0.1928970844,medium,44,A
4.6524249235,0.0197611966,0.1743059517,0.0003905049,0.0303825648,-79.6459616816,-28.4187685488,10240.1427600889,812.2471440519,4.6524668912,0.1743666764,21.6454481737,0.0304037378,4.8730430006,1.4506973479,1.6701254311,-5.0000000000,1.8294436786,0.9999909795,-0.0263893176,large,174,B
4.3872731057,0.0201449021,1.3051284777,0.0004058171,1.7033603432,-56.4470446547,-3.2691357085,5506.9984150376,8.6891129001,4.3873193548,1.3552823059,19.2485711212,1.8367901287,4.8730430006,1.2752159185,2.1965697195,-5.0000000000,1.1825686235,0.9999894585,-0.2695234925,medium,44,A
4.6520352964,0.0284766631,0.0191889260,0.0008109203,0.0003682149,-68.4798469080,41.3280108593,5717.9722206435,2540.0419972163,4.6521224532,0.0192002571,21.6422433193,0.0003686499,4.7415082247,1.2752159185,2.0210882900,-0.0848388672,1.8288103631,0.9999812652,0.0343504992,medium,44,B
4.6513380950,0.0175263107,0.0122248061,0.0003071716,0.0001494459,-15.1315999329,-4.5502996291,552.1483179792,38.4951092327,4.6513711146,0.0122272756,21.6352532454,0.0001495063,4.9609363079,0.0906399731,4.0394299142,-0.2165222168,1.8264218185,0.9999929011,-0.0200971067,small,13,B
4.6514040828,0.0362409254,0.0207302853,0.0013134047,0.0004297447,-64.7144377533,41.4197799106,4835.9232859567,2636.6272891346,4.6515452643,0.0207325175,21.6368733462,0.0004298373,4.8292489395,1.5384380627,1.6701254311,-0.1725769043,1.8276063997,0.9999696485,0.0146739205,medium,44,B
4.3984030022,0.0205256670,0.1412346224,0.0004213030,0.0199472186,-28.9160253124,-35.1009383765,3364.8255432239,1239.8188996588,4.3984508947,0.1412478259,19.3463702728,0.0199509483,4.9609363079,1.4067506943,1.7139194922,-5.0000000000,1.2069104583,0.9999891115,-0.0136728233,large,174,A
4.6517287596,0.0116909944,0.0158270366,0.0001366793,0.0002504951,-1.7450352732,24.8829767170,11.6057276395,1381.1812133095,4.6517434509,0.0158290338,21.6387171327,0.0002505583,4.7415082247,0.8363597522,4.6098208563,-0.1287841797,1.8273073190,0.9999968418,0.0158846297,small,13,B
4.6508941476,0.0571558571,0.0222994660,0.0032667920,0.0004972662,-40.5849658477,52.7172019215,1802.5095796230,3563.4294304737,4.6512453348,0.0223225457,21.6340831642,0.0004982960,4.7853022858,1.4944914090,1.8894009217,-0.2165222168,1.8281817900,0.9999244961,0.0454618122,small,13,B
4.6521781663,0.0368860292,1.1509604481,0.0013605791,1.3247099531,-64.8645687902,-3.8566510112,4840.8878757514,12.8777733758,4.6523243944,1.1844300829,21.6441222703,1.4028746212,4.8730430006,1.3629566332,1.6701254311,-5.0000000000,1.8297463726,0.9999685688,-0.2360455486,medium,44,B
4.6516558862,0.0248658470,0.9783836389,0.0006183103,0.9572345449,-67.4941973222,-4.7025424572,6425.9957731848,20.1216740315,4.6517223471,0.9983095492,21.6385207943,0.9966219561,4.8730430006,1.6261787774,1.7578661458,-5.0000000000,1.8275919451,0.9999857126,-0.1987986784,large,174,B
4.3889339504,0.0097694307,0.0099458612,0.0000954418,0.0000989202,-0.1916265480,-44.2827684798,429.5490105237,2899.7477329836,4.3889448234,0.0101720987,19.2628366630,0.0001034716,5.0000000000,0.0906399731,3.6884670553,-0.6991577148,1.1858725902,0.9999975226,0.2097315085,medium,44,A
4.3911669064,0.0376099305,2.1733321250,0.0014145069,4.7233725258,-45.7390904649,-1.1384612395,2261.4373388053,-0.7038564748,4.3913279662,2.5132019907,19.2837613068,6.3161842459,4.4782860805,0.0466933195,2.4159978027,-5.0000000000,1.1920597245,0.9999633232,-0.5021746971,small,13,A
4.3538246294,0.0293600725,2.4923821624,0.0008620139,6.2119688433,-34.3265154328,-0.1628143483,2037.0179508247,-1.9734659112,4.3539236233,3.3890539763,18.9566509173,11.4856868546,4.8292489395,0.0466933195,2.6792199469,-5.0000000000,1.1114083633,0.9999772633,-0.6776102492,small,13,A
4.6501086673,0.0137830097,0.0150720732,0.0001899714,0.0002271674,-1.0532128748,-2.5613303444,19.6933858964,136.6286351473,4.6501290938,0.0151410206,21.6237005890,0.0002292505,4.8730430006,0.3537095248,4.5660267953,-0.3919982910,1.8229833848,0.9999956073,-0.0953238526,small,13,B
4.3997635906,0.0211464825,0.1884302582,0.0004471737,0.0355059622,-20.9028306940,-26.2993316282,2378.4265686917,694.1905733838,4.3998144083,0.1885177947,19.3583668273,0.0355389589,5.0000000000,1.3190099796,1.6701254311,-5.0000000000,1.2099271290,0.9999884501,-0.0304707346,large,174,A
4.6519833279,0.0238307289,2.0712614865,0.0005679036,4.2901241456,-48.1645722125,-1.3519085910,3008.5274745422,-0.1722154940,4.6520443663,2.3451251520,21.6415167864,5.4996119786,4.8292489395,0.0466933195,3.1618701743,-5.0000000000,1.8284268225,0.9999868792,-0.4689588405,small,13,B
4.4311233863,0.0179173056,1.4045518810,0.0003210298,1.9727659863,-54.7356629343,-2.9461696648,6099.0084469278,6.6815882761,4.4311596106,1.4688144940,19.6351754946,2.1574160178,4.9609363079,1.3629566332,2.3720511490,-5.0000000000,1.2797611449,0.9999918251,-0.2925551473,medium,44,A
4.3969682994,0.0239287288,0.3860113424,0.0005725841,0.1490047564,-38.6837235263,-12.7865793897,3771.7095936883,161.7201514335,4.3970334101,0.3870304704,19.3339028097,0.1497925850,5.0000000000,1.5384380627,1.7139194922,-5.0000000000,1.2039120339,0.9999851921,-0.0725221555,large,174,A
4.3382395399,0.0172934148,0.0147444906,0.0002990622,0.0002174000,-1.5786499995,-3.6524195246,0.5599852288,34.8469140758,4.3382740079,0.0148999758,18.8206213675,0.0002220093,4.3903927732,0.0466933195,4.2588579974,-0.3042602539,1.0782404044,0.9999920549,-0.1440889815,small,13,A
4.6507526692,0.0183564591,0.0149015940,0.0003369596,0.0002220575,-62.6593089023,37.0671902107,8131.3353924025,3442.1869479574,4.6507888954,0.0149094870,21.6298373499,0.0002222928,4.8730430006,1.5384380627,1.7139194922,-0.2165222168,1.8248697330,0.9999922107,0.0325347741,large,174,B
4.3909417359,0.0213589156,0.0126942698,0.0004562033,0.0001611445,-91.1069642099,36.0008556348,10254.7058973317,6054.6506188957,4.3909936838,0.0128339331,19.2808255313,0.0001647098,4.9169896542,1.4944914090,1.9333475753,-0.5674743652,1.1906100744,0.9999881694,0.1471267184,medium,44,A
4.6507949253,0.0212774376,0.6192246881,0.0004527293,0.3834392144,-71.1800080753,-7.8160133618,8507.2836164705,59.1436048031,4.6508435973,0.6241741186,21.6303461668,0.3895933303,4.8292489395,1.2752159185,1.9771416364,-5.0000000000,1.8250996596,0.9999895348,-0.1256831562,medium,44,B
4.3995217694,0.0239984321,0.0102636409,0.0005759247,0.0001053423,-28.6936564545,26.0984733769,2667.0151382696,5986.7787396080,4.3995872220,0.0104193964,19.3563677238,0.0001085638,5.0000000000,1.5384380627,1.7139194922,-0.7868957520,1.2095240460,0.9999851230,0.1722607303,large,174,A
4.4229257530,0.0201582202,0.4143644668,0.0004063538,0.1716979113,-8.6311201829,-11.8953421443,964.6583874609,139.6122913682,4.4229716900,0.4156307162,19.5626785707,0.1727488923,5.0000000000,0.7486190374,1.8456068606,-5.0000000000,1.2613686007,0.9999896140,-0.0779991346,medium,44,A
4.6524691494,0.0143924894,0.0170537278,0.0002071438,0.0002908296,-31.0894466255,48.8886343733,2613.7146434879,4001.5119395954,4.6524914111,0.0170825728,21.6456763300,0.0002918143,4.8292489395,1.5822321238,3.3373516037,-0.2165222168,1.8293799439,0.9999952151,0.0580884640,medium,44,B
4.3977205433,0.0236039265,0.0124606963,0.0005571453,0.0001552690,-30.2080663115,15.2768262114,2781.2794318896,4833.3842215717,4.3977838876,0.0125770791,19.3405031224,0.0001581829,5.0000000000,1.6261787774,1.8016602069,-0.7868957520,1.2055475366,0.9999855963,0.1357258444,large,174,A
4.3502953607,0.0122675002,2.4911893241,0.0001504916,6.2060242487,2.9626531738,-0.1747904714,7.1627842310,-1.9694115918,4.3503126574,3.3781045466,18.9252202170,11.4115903280,4.4343394269,0.0466933195,4.3026520585,-5.0000000000,1.1032708363,0.9999960240,-0.6753997503,small,13,A
4.6515232930,0.0282547020,0.0125273510,0.0007983282,0.0001569345,-66.0611347122,11.5289720086,5689.9219748333,1075.4659477101,4.6516091058,0.0125282783,21.6374672735,0.0001569578,4.8292489395,0.9241004669,1.8016602069,-0.2165222168,1.8274135397,0.9999815520,0.0121666457,medium,44,B
4.3961914143,0.0184955539,0.1924784925,0.0003420855,0.0370479701,-29.2624278398,-25.7617283984,3728.0337817928,665.8435206275,4.3962303211,0.1925574419,19.3268410366,0.0370783684,5.0000000000,1.6261787774,1.7578661458,-5.0000000000,1.2019777023,0.9999911499,-0.0286328576,large,174,A
4.4044642839,0.0250793589,0.2978640807,0.0006289742,0.0887230106,-21.2646744650,-16.6271613323,2013.6712391073,275.3480320532,4.4045356852,0.2982923966,19.3999346023,0.0889783539,4.9609363079,1.6261787774,1.8016602069,-5.0000000000,1.2204703286,0.9999837891,-0.0535698036,large,174,A
4.6506644726,0.0369821492,1.3862208321,0.0013676794,1.9216081953,-58.9067875785,-3.0008243779,4015.1874134658,7.0068708350,4.6508115115,1.4484425197,21.6300477159,2.0979857328,4.7853022858,1.5822321238,1.8456068606,-5.0000000000,1.8256621969,0.9999683842,-0.2899481701,medium,44,B
4.6511905879,0.0286527043,0.8441553360,0.0008209775,0.7125982313,-68.4706829166,-5.5737603925,6118.5777379780,29.0817164638,4.6512788416,0.8567235638,21.6343948623,0.7339752647,4.8730430006,1.5822321238,1.7139194922,-5.0000000000,1.8265369823,0.9999810259,-0.1706604967,large,174,B
4.3869265950,0.0315623727,0.0084565472,0.0009961834,0.0000715132,-57.0324743574,-15.5786884142,3707.6458220460,533.8672760450,4.3870401336,0.0086465404,19.2461211335,0.0000747627,4.4343394269,0.0466933195,2.3282570879,-0.3482055664,1.1824056063,0.9999741196,0.2084797751,small,13,A
4.6496939216,0.0471951228,0.4583624465,0.0022273796,0.2100961323,-43.8032493970,-10.6934187265,2194.0151016573,112.7281100737,4.6499334344,0.4603555963,21.6218809441,0.2119272751,4.6975615711,1.5384380627,1.7578661458,-5.0000000000,1.8239010616,0.9999484911,-0.0929539114,medium,44,B
4.3931974828,0.0153374831,2.4963410401,0.0002352384,6.2317185887,16.0501296593,-0.1181446625,443.9112529014,-1.9860194328,4.3932242557,3.4296955805,19.3004193612,11.7628117752,4.8730430006,0.0466933195,4.3026520585,-5.0000000000,1.1953159748,0.9999939059,-0.6857248906,small,13,A
4.3887061771,0.0096309497,0.0164187240,0.0000927552,0.0002695745,-25.9194468532,40.9455552328,4642.0743355968,4300.1433432993,4.3887167446,0.0165296898,19.2608346641,0.0002732306,4.9169896542,1.5822321238,2.5475325785,-0.6114196777,1.1853738953,0.9999975921,0.1156770604,medium,44,A
4.3997865494,0.0289167677,0.0123710828,0.0008361795,0.0001530437,-37.0387806245,35.7896405387,2659.7651010088,5654.8242904921,4.3998815734,0.0125087533,19.3589578601,0.0001564689,5.0000000000,1.6261787774,1.9333475753,-0.6552124023,1.2103666338,0.9999784031,0.1479551640,large,174,A
4.6533191127,0.0129652522,0.4155249489,0.0001680978,0.1726609831,-68.2467382959,-11.8511775475,14057.1342369295,138.6823003422,4.6533371748,0.4168805392,21.6535468625,0.1737893840,4.8730430006,1.0995818964,1.8456068606,-5.0000000000,1.8316407186,0.9999961185,-0.0805786665,medium,44,B
4.6501825170,0.0259351351,1.0713045556,0.0006726312,1.1476934509,-35.7383693184,-4.2164633617,1806.6474019070,15.7808873768,4.6502548396,1.0981157634,21.6248700730,1.2058582299,4.8730430006,0.0466933195,3.2496108890,-5.0000000000,1.8236654606,0.9999844476,-0.2196250712,small,13,B
4.6520998427,0.0256830872,0.0153517388,0.0006596210,0.0002356759,-82.4568773947,41.8599566448,8801.7125530379,3503.8977361739,4.6521707372,0.0153696353,21.6426925679,0.0002362257,4.8292489395,1.4067506943,1.8016602069,-0.2165222168,1.8288336057,0.9999847610,0.0482437554,medium,44,B
4.6530787093,0.0125977918,0.0215156400,0.0001587044,0.0004629228,3.4414673249,43.4110801720,90.1762902338,2863.0401438996,4.6530957629,0.0215360276,21.6513001789,0.0004638005,4.9169896542,1.3629566332,4.6098208563,-0.3919982910,1.8309806978,0.9999963350,0.0435023852,small,13,B
4.6515378080,0.0270183067,0.0154576662,0.0007299889,0.0002389394,-67.2030013634,39.2537471675,6027.7611371113,3254.4956509774,4.6516162749,0.0154757082,21.6375339685,0.0002394975,4.8730430006,1.6261787774,1.7578661458,-0.2165222168,1.8273844355,0.9999831313,0.0482732411,large,174,B
4.6522722726,0.0185966772,0.0140507601,0.0003458364,0.0001974239,-69.7128918583,46.1227266227,8383.8381283533,4311.3102740231,4.6523094410,0.0141159763,21.6439831352,0.0001992608,4.8730430006,1.5384380627,1.6701254311,-0.2165222168,1.8289861357,0.9999920108,0.0960141696,large,174,B
4.6514261633,0.0242451926,0.0110445395,0.0005878294,0.0001219819,-46.7287564162,-3.6544817383,2860.8950725146,16.7849008211,4.6514893510,0.0110475874,21.6363531820,0.0001220492,4.8292489395,0.0466933195,3.1618701743,-0.1287841797,1.8269405042,0.9999864156,0.0234884511,small,13,B
4.3926085441,0.0120661263,0.2497725619,0.0001455914,0.0623863327,-49.6410778068,-19.8312699460,9588.7652506233,393.4204952105,4.3926251164,0.2499911919,19.2951554134,0.0624955960,5.0000000000,1.4944914090,1.9333475753,-5.0000000000,1.1939390221,0.9999962272,-0.0418131187,medium,44,A
4.6523324285,0.0188785648,1.5735543722,0.0003564002,2.4760733622,0.3756094742,-2.4693003153,9.9819860014,4.0979230723,4.6523707317,1.6691934233,21.6445534254,2.7862066843,4.9169896542,0.1344340342,4.6098208563,-5.0000000000,1.8291593974,0.9999917669,-0.3336318862,small,13,B
4.4057076713,0.0229486149,0.3779946553,0.0005266389,0.1428799595,-16.5010176761,-13.0661035464,1853.6281358822,168.9231477088,4.4057674387,0.3789421401,19.4107867236,0.1435971455,5.0000000000,1.0557878353,1.7578661458,-5.0000000000,1.2231160932,0.9999864343,-0.0706712892,medium,44,A
4.3962931559,0.0289228870,1.5242550450,0.0008365334,2.3233534422,-43.2747185327,-2.6013166212,2651.1940730108,4.7672744655,4.3963882957,1.6093921535,19.3282300463,2.5901431039,4.4343394269,0.0906399731,2.6354258858,-5.0000000000,1.2026952171,0.9999783596,-0.3209390912,small,13,A
4.6511707079,0.0292601896,0.0166865010,0.0008561587,0.0002784393,-50.3708077775,38.2807893317,3118.3895021406,2989.7312612689,4.6512627439,0.0166962578,21.6342451128,0.0002787650,4.9169896542,1.2312692648,2.7231666005,-0.3482055664,1.8265184406,0.9999802127,0.0341818968,small,13,B
4.6518277295,0.0218323003,0.0118606553,0.0004766493,0.0001406751,-35.4462158775,-4.1099809194,2010.6347837274,30.4816656852,4.6518789616,0.0118619574,21.6399778738,0.0001407060,4.9169896542,0.0906399731,3.4250923185,-0.2165222168,1.8279148595,0.9999889868,-0.0148163144,small,13,B
4.3906378704,0.0197082269,0.0117183075,0.0003884142,0.0001373187,-78.2067044189,-20.2207540521,8145.6514454390,1377.5648960251,4.3906821022,0.0118041282,19.2780893230,0.0001393374,4.8292489395,0.5731376080,2.1527756584,-0.6552124023,1.1898793785,0.9999899260,0.1203658527,medium,44,A
4.3925596336,0.0143230344,0.2372492626,0.0002051493,0.0562872126,-55.2995195254,-20.9078305137,9196.6683031584,437.0235172026,4.3925829854,0.2374302739,19.2947852840,0.0563731349,5.0000000000,1.4506973479,1.9333475753,-5.0000000000,1.1938917023,0.9999946838,-0.0390406430,large,174,A
4.6517844647,0.0133352049,0.0174768956,0.0001778277,0.0003054419,-35.0326913353,35.8069719226,5550.9299143566,2513.4824308053,4.6518035786,0.0174773354,21.6392765334,0.0003054573,4.7415082247,1.4067506943,2.1527756584,-0.1287841797,1.8274990666,0.9999958911,-0.0070941461,medium,44,B
4.3852377449,0.0157837300,2.3780681986,0.0002491261,5.6552083573,3.9907393792,-0.6499260963,177.9743360428,-1.5775126735,4.3852661499,2.9388080939,19.2305592059,8.6365930129,4.8730430006,0.0466933195,4.3465987121,-5.0000000000,1.1779900892,0.9999935226,-0.5875404596,small,13,A
4.6523492951,0.0109308318,0.0135613212,0.0001194831,0.0001839094,-1.3142204587,-3.0726086903,18.3680004427,77.0878831247,4.6523621362,0.0135811532,21.6444734464,0.0001844477,4.7853022858,0.2659688101,4.5660267953,-0.3042602539,1.8289680989,0.9999972399,-0.0540221611,small,13,B
4.3688218571,0.0225545520,0.0075173945,0.0005087078,0.0000565112,-4.9884749918,-11.1685393079,548.3552062855,426.7990732432,4.3688800770,0.0077593102,19.0871131272,0.0000602069,4.9169896542,0.2221747490,1.8456068606,-0.3919982910,1.1428888701,0.9999866740,0.2477557311,medium,44,A
4.3816807839,0.0181083758,1.6437247929,0.0003279133,2.7018311948,-1.0762744864,-2.2924191788,10.5169845037,3.2568107965,4.3817182024,1.7550019082,19.1994544054,3.0800316980,4.6537675100,1.2752159185,4.1711172826,-5.0000000000,1.1703612316,0.9999914603,-0.3504156210,small,13,A
4.6516874406,0.0148242696,1.1329695153,0.0002197590,1.2836199227,-10.0993109256,-3.9338441935,466.3280464210,13.4770221911,4.6517110619,1.1649625204,21.6384158035,1.3571376739,4.9609363079,0.2221747490,4.0833765679,-5.0000000000,1.8272786959,0.9999949220,-0.2327470332,small,13,B
4.3940019866,0.0131768915,1.4949385360,0.0001736305,2.2348412264,1.1160324895,-2.6818723768,43.5876251021,5.1929260569,4.3940217442,1.5746054452,19.3074270889,2.4793823080,4.5660267953,0.0466933195,4.1271706290,-5.0000000000,1.1970139772,0.9999955035,-0.3140538815,small,13,A
4.4055112422,0.0290906943,0.0123286296,0.0008462685,0.0001519951,-28.4686039271,32.8017465383,1984.4648613025,5112.9371329690,4.4056072878,0.0124575633,19.4093755741,0.0001551909,5.0000000000,1.4944914090,1.8456068606,-0.6114196777,1.2230013752,0.9999781993,0.1435010174,large,174,A
4.3986749641,0.0286859883,0.0123242822,0.0008228859,0.0001518879,-40.5418834925,10.2271737951,3263.1117838623,4455.6884349382,4.3987685010,0.0124878730,19.3491643253,0.0001559470,5.0000000000,1.5384380627,1.6701254311,-0.7868957520,1.2079095626,0.9999787357,0.1613329956,large,174,A
4.6514667274,0.0131274279,0.0105449807,0.0001723294,0.0001111966,0.5840474841,-3.8849357630,45.5933970169,18.3567813263,4.6514852515,0.0105538231,21.6363150454,0.0001113832,4.9169896542,0.0906399731,4.5660267953,-0.1287841797,1.8266346446,0.9999960176,0.0409264584,small,13,B
4.3920764468,0.0134375287,0.1963927046,0.0001805672,0.0385700944,-63.9509805971,-25.2605805104,10928.8383628071,639.7980609967,4.3920970027,0.1964870239,19.2905160816,0.0386071505,4.9169896542,1.6261787774,1.7139194922,-5.0000000000,1.1928115328,0.9999953198,-0.0309810523,large,174,A
4.3911958228,0.0329465376,0.0080772187,0.0010854743,0.0000652415,-45.3816762378,-4.7881533323,2246.3628424754,23.9096685913,4.3913194177,0.0082052568,19.2836862282,0.0000673262,4.4343394269,0.0466933195,2.6354258858,-0.0410461426,1.1917937980,0.9999718547,0.1759695815,small,13,A
4.6523248696,0.0139132598,0.4025927333,0.0001935788,0.1620809089,-59.6173935159,-12.2411244145,9358.0473151177,148.0938957546,4.6523456741,0.4038607079,21.6443202711,0.1631034714,4.8730430006,1.2752159185,2.2405163732,-5.0000000000,1.8289761318,0.9999955282,-0.0791796026,medium,44,B
4.6520778843,0.0193997950,0.1799000872,0.0003763520,0.0323640414,-64.3882184446,-27.5628163995,7644.1745115054,762.7714986726,4.6521183340,0.1799797688,21.6422049933,0.0323927172,4.8730430006,1.5384380627,1.8456068606,-5.0000000000,1.8284909571,0.9999913051,-0.0297532151,large,174,B
4.6506308954,0.0257206532,1.7612059866,0.0006615520,3.1018465274,-45.3282647417,-2.0145476872,2784.1638976888,2.0587963308,4.6507020199,1.9049631910,21.6290292776,3.6288847591,4.9609363079,0.1783806879,3.0741294595,-5.0000000000,1.8248653677,0.9999847067,-0.3810960714,small,13,B
4.6518675570,0.0120798254,1.9663625064,0.0001459222,3.8665815066,0.9961200816,-1.5702961682,70.0422015757,0.4660213817,4.6518832412,2.1864217876,21.6400176902,4.7804402333,4.9609363079,0.1344340342,4.5660267953,-5.0000000000,1.8276918139,0.9999966284,-0.4372256029,small,13,B
4.4155438121,0.0220550197,0.2336507283,0.0004864239,0.0545926628,-1.2255424898,-21.1915557322,77.0426857346,450.0795271028,4.4155988926,0.2338168549,19.4975135801,0.0546703217,5.0000000000,1.5822321238,2.9424420911,-5.0000000000,1.2449244205,0.9999875259,-0.0376894336,medium,44,A
4.3927525774,0.0146068101,0.0141918433,0.0002133589,0.0002014084,-54.4333790513,17.4567370043,8828.4915060820,3789.7086664534,4.3927768627,0.0143168352,19.2964885655,0.0002049718,5.0000000000,1.4944914090,1.7139194922,-0.8308410645,1.1943215544,0.9999944715,0.1318506764,large,174,A
4.6499936542,0.0335861466,1.3807178390,0.0011280292,1.9063817510,-59.8210372539,-3.0183609807,4448.6746842250,7.1118725769,4.6501149462,1.4420572315,21.6235690129,2.0795290590,4.8730430006,1.0557878353,1.8456068606,-5.0000000000,1.8236108955,0.9999739163,-0.2885528547,medium,44,B
4.4052101167,0.0273088515,0.0132074505,0.0007457734,0.0001744367,-25.9114322788,13.7004930942,2156.7250989114,3902.4081848069,4.4052947626,0.0133139269,19.4066219456,0.0001772606,5.0000000000,1.5384380627,1.7139194922,-0.7431030273,1.2222351754,0.9999807854,0.1262172205,large,174,A
4.6512875992,0.0199260304,2.3827979784,0.0003970467,5.6777262061,-31.9431312817,0.6351383579,1780.5614709443,-1.5965615624,4.6513302804,4.0352595514,21.6348733770,16.2833196468,4.9609363079,0.2221747490,3.5567796869,-5.0000000000,1.8263752224,0.9999908239,-0.8070417703,small,13,B
4.6509088803,0.0252086913,0.0116017962,0.0006354781,0.0001346017,-46.2563280047,-7.5774969967,2802.4543046023,151.8667475049,4.6509771975,0.0116034847,21.6315888913,0.0001346409,4.8292489395,0.0466933195,3.1180761132,-0.3482055664,1.8255902811,0.9999853112,0.0170593801,small,13,B
4.3914203873,0.0083294294,0.4158133891,0.0000693794,0.1729007746,3.1809652516,-11.8498904748,208.5423537317,138.5799337251,4.3914282868,0.4171143125,19.2846423977,0.1739843497,4.9169896542,1.1874752037,3.7762077700,-5.0000000000,1.1912678413,0.9999982012,-0.0789176993,medium,44,A
4.3971471197,0.0200378748,0.0110865549,0.0004015164,0.0001229117,-17.9317120999,-25.2053080134,1106.1922271134,1331.8581287556,4.3971927760,0.0112754495,19.3353043090,0.0001271358,4.6975615711,0.3537095248,3.2496108890,-0.5674743652,1.2041333188,0.9999896170,0.1822767599,small,13,A
4.4003681270,0.0256429600,1.1420362874,0.0006575614,1.3042468818,-27.0454191418,-3.8960462236,2276.7670811673,13.1821651832,4.4004428430,1.1744233526,19.3638972148,1.3792702112,5.0000000000,1.6261787774,1.8894009217,-5.0000000000,1.2114675764,0.9999830208,-0.2332241337,large,174,A
4.4323752892,0.0100249850,2.4895360062,0.0001005003,6.1977895264,0.2644589939,-0.1907699337,107.1012985241,-1.9635873384,4.4323866262,3.3634827809,19.6460512045,11.3130164176,4.6975615711,0.0466933195,4.3903927732,-5.0000000000,1.2823742959,0.9999974422,-0.6724240566,small,13,A
4.4067966633,0.0271541412,0.7329975400,0.0007373474,0.5372853936,-23.7101936256,-6.5219335364,1958.8661523046,40.5550224395,4.4068803228,0.7408726806,19.4205941793,0.5488923289,5.0000000000,1.5384380627,1.7139194922,-5.0000000000,1.2257362013,0.9999810162,-0.1454170068,large,174,A
4.3986679369,0.0211697852,0.6981972093,0.0004481598,0.4874793430,-16.2687044294,-6.8774681997,1447.6008416132,45.3144558121,4.3987188792,0.7049642780,19.3487277785,0.4969746332,4.9609363079,1.6261787774,2.2405163732,-5.0000000000,1.2075193953,0.9999884188,-0.1382251309,large,174,A
4.3934317360,0.0216969231,0.0119003081,0.0004707565,0.0001416173,-73.5507844990,43.0802431398,8900.1290178176,4075.0086730812,4.3934853107,0.0119931352,19.3027131757,0.0001438353,4.9609363079,1.2312692648,1.6701254311,-0.1725769043,1.1960637178,0.9999878059,0.1241778742,medium,44,A
4.3935449574,0.0151585914,0.1422474696,0.0002297829,0.0202343426,-45.6009737683,-34.7661467061,7742.6130020001,1220.0707698878,4.3935711074,0.1422578927,19.3034670760,0.0202373080,5.0000000000,1.6261787774,1.8016602069,-5.0000000000,1.1960703569,0.9999940481,-0.0121050626,large,174,A
4.6512167821,0.0334090811,0.0150386950,0.0011161667,0.0002261623,-55.1050237085,29.7395823047,3739.2473360989,2606.0492946733,4.6513367670,0.0150399354,21.6349337204,0.0002261997,4.8292489395,1.3629566332,1.8894009217,-0.1725769043,1.8269029588,0.9999742042,-0.0128429704,medium,44,B
4.6530356243,0.0119903862,0.0170609990,0.0001437694,0.0002910777,-18.5089678639,47.2444560743,2723.0823558242,4022.2415400659,4.6530510733,0.0170865114,21.6508842903,0.0002919489,4.9169896542,1.6261787774,2.6792199469,-0.2604675293,1.8308491700,0.9999966798,0.0546263786,medium,44,B
4.4055369195,0.0250340500,2.4800108779,0.0006267037,6.1504539544,5.2383642446,-0.2601503380,105.3493025478,-1.9322921833,4.4056080458,3.2996289577,19.4093822529,10.8875512587,4.9169896542,0.0466933195,4.0833765679,-5.0000000000,1.2228385841,0.9999838555,-0.6596157948,small,13,A
4.4033949356,0.0273091531,0.2138281408,0.0007457898,0.0457224738,-28.8542017826,-23.2222916649,2450.2020225785,539.3216895830,4.4034796183,0.2139662189,19.3906327489,0.0457815428,5.0000000000,1.4944914090,1.7139194922,-5.0000000000,1.2182261738,0.9999807691,-0.0359198680,large,174,A
4.4020032037,0.0425469603,2.1454276796,0.0018102438,4.6028599283,-49.5372590090,-1.1982168114,3133.5107539518,-0.5642386954,4.4022088148,2.4649082719,19.3794424494,6.0757727888,4.4343394269,0.0466933195,1.7139194922,-5.0000000000,1.2162213048,0.9999532936,-0.4923656706,small,13,A
4.6503661870,0.0140124282,0.0135181278,0.0001963481,0.0001827398,-5.9573921556,-3.8352259856,131.5171077986,30.9462370917,4.6503872980,0.0135720675,21.6261020217,0.0001842010,4.7853022858,0.0906399731,4.2588579974,-0.2604675293,1.8236851872,0.9999954604,-0.0890664401,small,13,B
4.4020124273,0.0254969360,0.5384715991,0.0006500937,0.2899516630,-23.2659330201,-9.0652507689,2041.6206327436,80.2455766702,4.4020862672,0.5414308796,19.3783635035,0.2931473974,5.0000000000,1.6261787774,1.8016602069,-5.0000000000,1.2150814836,0.9999832262,-0.1044100535,large,174,A
4.3898371013,0.0060550401,0.0078158725,0.0000366635,0.0000610879,-4.5158559792,-4.8944982400,48.1067198473,26.0044624730,4.3898412772,0.0079702880,19.2707064394,0.0000635255,4.4343394269,0.0466933195,4.3465987121,-0.0410461426,1.1877815709,0.9999990487,0.1958888794,small,13,A
4.6523001642,0.0121483224,0.4059842288,0.0001475817,0.1648231940,-20.6060758027,-12.1322235571,2203.8275299410,145.5030237509,4.6523160253,0.4072792949,21.6440443992,0.1658764240,4.8730430006,1.5822321238,3.1180761132,-5.0000000000,1.8288633157,0.9999965907,-0.0796836616,medium,44,B
4.6517139862,0.0234864161,0.4714384259,0.0005516117,0.2222541894,-74.7177959615,-10.4067897599,8171.3722021630,106.4238960497,4.6517732771,0.4734965378,21.6389946215,0.2241989713,4.8730430006,1.5384380627,1.6701254311,-5.0000000000,1.8276823123,0.9999872541,-0.0931362272,large,174,B
4.6516219120,0.0334672972,0.2974816323,0.0011200600,0.0884953216,-56.5676525387,-16.6593998240,3749.8639527096,276.0535219239,4.6517423050,0.2979921160,21.6387064724,0.0887993012,4.8292489395,0.7486190374,2.1088290048,-5.0000000000,1.8280018530,0.9999741187,-0.0585082967,medium,44,B
4.6527054109,0.0112285305,0.0201613326,0.0001260799,0.0004064793,-9.2930640077,47.8285529332,777.1276224066,3315.0685772504,4.6527189600,0.0201783448,21.6477937208,0.0004071656,4.8292489395,1.4506973479,3.5129856258,-0.2165222168,1.8299380087,0.9999970879,0.0410545270,medium,44,B
4.6512435533,0.0301382599,0.3053642943,0.0009083147,0.0932473522,-62.0787630755,-16.2145442154,4919.2752285473,261.6155249464,4.6513411944,0.3059032950,21.6349749068,0.0935768259,4.8730430006,1.5822321238,1.6701254311,-5.0000000000,1.8267674551,0.9999790080,-0.0593370855,large,174,B
4.3984282525,0.0280233852,0.0123304454,0.0007853101,0.0001520399,-38.4278434612,23.9673628679,2876.4082107689,4988.8418058004,4.3985175233,0.0124535867,19.3469564029,0.0001550918,5.0000000000,1.5384380627,1.7139194922,-0.7868957520,1.2073299361,0.9999797044,0.1402792481,large,174,A
4.6526667808,0.0118794574,0.0170657080,0.0001411215,0.0002912384,-19.4689163627,38.7984350488,2521.5528601263,2730.1335794989,4.6526819464,0.0170827320,21.6474492944,0.0002918197,4.8730430006,1.3629566332,2.8109073153,-0.2165222168,1.8298485413,0.9999967405,0.0446332198,medium,44,B
4.4050884973,0.0282086815,0.8051169529,0.0007957297,0.6482133078,-31.1539247688,-5.8807378955,2510.3748799634,32.5911869474,4.4051788158,0.8157365999,19.4056003990,0.6654262004,4.9609363079,1.4067506943,1.7578661458,-5.0000000000,1.2220163166,0.9999794972,-0.1608336733,large,174,A
4.6523790675,0.0236257535,0.0114441281,0.0005581762,0.0001309681,-70.4692424780,3.5111897570,6865.5803219113,390.0560379026,4.6524390553,0.0114557350,21.6451891637,0.0001312339,4.8730430006,0.6608783227,2.0210882900,-0.1725769043,1.8294873184,0.9999871061,0.0450040974,medium,44,B
4.3987179623,0.0278241233,0.0134646553,0.0007741818,0.0001812969,-40.1201004187,11.2453084766,3333.8278020872,3581.6989199379,4.3988059623,0.0135404971,19.3494938937,0.0001833451,5.0000000000,1.5822321238,1.7139194922,-0.7868957520,1.2079553425,0.9999799946,0.1056922431,large,174,A
4.6509209240,0.0393431411,2.1546906286,0.0015478828,4.6426917048,-39.0412084701,-1.1771821820,1848.5177862437,-0.6141367909,4.6510873271,2.4817770554,21.6326133240,6.1592173528,4.9609363079,0.0906399731,2.5914792322,-5.0000000000,1.8265352256,0.9999642228,-0.4962061181,small,13,B
4.6500552221,0.0299993095,0.0157091913,0.0008999586,0.0002467787,-60.1832573121,35.0335993647,4892.4931522857,3267.3355189116,4.6501519896,0.0157099138,21.6239135267,0.0002468014,4.8730430006,1.6261787774,1.7578661458,-0.2165222168,1.8235490612,0.9999791904,-0.0095901739,large,174,B
4.6515755463,0.0201383054,0.0159958978,0.0004055513,0.0002558687,-61.5889976297,33.1997790854,6426.8685248975,2691.0876912670,4.6516191390,0.0159961145,21.6375606142,0.0002558757,4.8730430006,1.4067506943,2.3282570879,-0.2165222168,1.8271620087,0.9999906285,0.0052052367,medium,44,B
4.6508813069,0.0245104868,0.0164672357,0.0006007640,0.0002711699,-67.3413140738,29.6739319466,7070.0727991353,2259.0838241763,4.6509458925,0.0164696071,21.6312976946,0.0002712480,4.8730430006,1.4506973479,1.7578661458,-0.1725769043,1.8254810692,0.9999861135,-0.0169689519,medium,44,B
4.3922013943,0.0255343104,2.0123956619,0.0006520010,4.0497363000,-50.0324574399,-1.4750301878,3233.8710394236,0.1758374395,4.3922756162,2.2539886190,19.2920850887,5.0804646947,4.7415082247,0.3099154637,2.7669606616,-5.0000000000,1.1935558866,0.9999831017,-0.4504228366,small,13,A
4.4320344113,0.0223965124,0.6843687513,0.0005016038,0.4683605878,-75.0337638825,-7.0270341050,8579.8367871869,47.4011992717,4.4320909993,0.6907152356,19.6434306265,0.4770875367,5.0000000000,1.0118411817,1.7139194922,-5.0000000000,1.2820035121,0.9999872322,-0.1352484136,medium,44,A
4.3461748891,0.0052071590,0.0068871046,0.0000271145,0.0000474322,-7.0303772702,-5.7048755763,91.0765195018,35.0482026736,4.3461780085,0.0071330916,18.8892632815,0.0000508810,4.3903927732,0.0466933195,4.2588579974,-0.0410461426,1.0945090132,0.9999992823,0.2603486559,small,13,A
4.6516497115,0.0293419359,1.4759280069,0.0008609492,2.1783634815,-70.8115569444,-2.7340239805,6295.2861387156,5.4769343150,4.6517422529,1.5526030999,21.6387059874,2.4105763857,4.8292489395,1.6261787774,1.7578661458,-5.0000000000,1.8278178917,0.9999801061,-0.3103721367,medium,44,B
4.6509604501,0.0251942202,0.3685389165,0.0006347487,0.1358209330,-64.6188210344,-13.3906088161,5918.0925611628,177.7750927267,4.6510286881,0.3695113210,21.6320678572,0.1365386164,4.8730430006,1.6261787774,1.7139194922,-5.0000000000,1.8257288865,0.9999853284,-0.0725001164,large,174,B
4.3917146858,0.0179419728,1.1153416290,0.0003219144,1.2439869493,-75.0361182345,-4.0131679117,10347.4227357925,14.1080542762,4.3917513358,1.1454443093,19.2874797956,1.3120426656,4.9609363079,1.1435285501,2.0210882900,-5.0000000000,1.1921628695,0.9999916548,-0.2277499686,medium,44,A
4.3779905950,0.0210096973,0.0068179866,0.0004414074,0.0000464849,1.0370878471,-6.0439805312,44.0529120651,39.3555804830,4.3780410069,0.0070723696,19.1672430577,0.0000500184,4.8292489395,0.0466933195,4.1711172826,-0.0848388672,1.1625051304,0.9999884853,0.2657882411,small,13,A
4.6519570457,0.0143575680,0.3978688629,0.0002061398,0.1582996321,-52.0484544457,-12.3969445796,7977.7078356511,151.8383736516,4.6519792019,0.3990827374,21.6409104947,0.1592670313,4.8730430006,0.9241004669,2.2405163732,-5.0000000000,1.8279939931,0.9999952373,-0.0779363244,medium,44,B
4.6515148714,0.0338303865,0.0159158246,0.0011444950,0.0002533135,-72.2877024611,19.0433352491,5894.5628422905,1282.5847418758,4.6516378937,0.0159183441,21.6377350937,0.0002533937,4.7853022858,0.9241004669,1.8894009217,-0.3042602539,1.8277369426,0.9999735529,-0.0177913691,small,13,B
4.3973425581,0.0191409711,0.0132472961,0.0003663768,0.0001754909,-27.5095806861,10.9119799730,3431.4966864268,4309.4488957245,4.3973842168,0.0134197930,19.3369879502,0.0001800908,5.0000000000,1.6261787774,1.7139194922,-0.8308410645,1.2045270666,0.9999905265,0.1598205854,large,174,A
4.3912447237,0.0253958891,1.2121030923,0.0006449512,1.4691939064,-74.5271689899,-3.6090964100,6949.9934577561,11.0265188568,4.3913181591,1.2515494077,19.2836751745,1.5663759199,4.9609363079,0.4414502396,1.8456068606,-5.0000000000,1.1914599982,0.9999832771,-0.2490834931,medium,44,A
4.6522786769,0.0238326260,0.0120646219,0.0005679941,0.0001455551,-67.4019625271,25.7476765941,6465.8731299292,2360.5308929127,4.6523397212,0.0121137334,21.6442648814,0.0001467425,4.8730430006,1.2752159185,1.6701254311,-0.2165222168,1.8292256140,0.9999868788,0.0899553069,large,174,B
4.6506068659,0.0395969825,0.0163951597,0.0015679210,0.0002688013,-60.2289791881,18.3792107495,3992.8426100063,977.4964859972,4.6507754345,0.0163990064,21.6297121424,0.0002689274,4.7415082247,0.7925656911,2.0210882900,-0.2165222168,1.8257068273,0.9999637547,-0.0216583426,small,13,B
4.3998407326,0.0186975516,0.0084243615,0.0003495984,0.0000709699,2.4812228504,-4.5794040504,22.3852348207,21.4974511940,4.3998804610,0.0085246558,19.3589480709,0.0000726698,4.7415082247,0.0466933195,4.3465987121,-0.0410461426,1.2099992356,0.9999909706,0.1529443781,small,13,A
4.3941555896,0.0173087896,0.0127505123,0.0002995942,0.0001625756,-49.6967977216,27.0188268399,6688.6166231188,5687.7611647354,4.3941896795,0.0128972680,19.3089029394,0.0001663395,5.0000000000,1.6261787774,1.8016602069,-0.7431030273,1.1974760484,0.9999922420,0.1504266276,large,174,A
4.6510252222,0.0253703985,0.0144441787,0.0006436571,0.0002086343,-58.6297187213,34.1192562574,4818.0999777764,3264.8684775280,4.6510944168,0.0144508359,21.6326792743,0.0002088267,4.8730430006,1.6261787774,1.8894009217,-0.2165222168,1.8259128080,0.9999851229,0.0303505680,large,174,B
4.6517735317,0.0241899677,0.3770448354,0.0005851545,0.1421628079,-68.8220089925,-13.0948505981,6580.6765189327,169.7227551545,4.6518364272,0.3780589590,21.6395821450,0.1429285765,4.8730430006,1.6261787774,1.8016602069,-5.0000000000,1.8278768356,0.9999864794,-0.0731963207,large,174,B
4.6518425334,0.0251381781,0.0127083228,0.0006319280,0.0001615015,-67.5982364976,25.6584185463,6204.7745462383,2152.3120246552,4.6519104553,0.0127455442,21.6402708839,0.0001624489,4.8730430006,1.2752159185,2.0210882900,-0.2165222168,1.8281101632,0.9999853992,0.0763685307,large,174,B
4.6507290056,0.0286855225,0.6519397328,0.0008228592,0.4250254152,-57.6309486107,-7.3996888700,4519.6956298860,52.8005784132,4.6508174704,0.6575878773,21.6301031431,0.4324218164,4.8730430006,1.6261787774,1.7139194922,-5.0000000000,1.8252917059,0.9999809787,-0.1307845468,large,174,B
4.3938854516,0.0150068824,0.0143346309,0.0002252065,0.0002054816,-30.5521336448,32.0055720788,4833.8396287113,4270.8906617676,4.3939110788,0.0144757300,19.3064545681,0.0002095468,5.0000000000,1.4944914090,1.7578661458,-0.8308410645,1.1968105877,0.9999941676,0.1392823070,large,174,A
4.6516446605,0.0180412270,0.1911042236,0.0003254859,0.0365208243,-76.5745159639,-25.9115145453,10563.4982620078,674.8444835745,4.6516796464,0.1912002751,21.6381235332,0.0365575452,4.8730430006,1.5822321238,1.7578661458,-5.0000000000,1.8272687741,0.9999924789,-0.0316933569,large,174,B
4.6519605443,0.0341629982,0.0109987330,0.0011671104,0.0001209721,-70.9365561754,-0.9427297075,5884.6849468559,136.9552047888,4.6520859854,0.0110071293,21.6419040159,0.0001211569,4.8730430006,0.4853968932,1.6701254311,-0.2165222168,1.8289644237,0.9999730355,0.0390514418,medium,44,B
4.3986593792,0.0245595915,0.1087659392,0.0006031735,0.0118300295,-32.7844896847,-45.2589088434,3023.6139584678,2080.4398287537,4.3987279420,0.1087660114,19.3488075078,0.0118300452,5.0000000000,1.6261787774,1.9333475753,-5.0000000000,1.2076556050,0.9999844130,-0.0011524609,large,174,A
4.6524829201,0.0247389106,0.9280810211,0.0006120137,0.8613343818,-67.7286618190,-5.0027479720,6379.7227067934,23.0350435822,4.6525486924,0.9448650108,21.6462093355,0.8927698885,4.8730430006,1.6261787774,1.7578661458,-5.0000000000,1.8298220629,0.9999858632,-0.1876464990,large,174,B
4.3952315180,0.0170334952,0.0111142316,0.0002901400,0.0001235261,-30.1045404455,35.5278461256,3921.5430354962,6611.2038031335,4.3952645241,0.0113209122,19.3183502364,0.0001281631,5.0000000000,1.5384380627,2.0210882900,-0.6552124023,1.1998222179,0.9999924905,0.1902097646,large,174,A
4.4040501270,0.0309604500,0.0131324444,0.0009585495,0.0001724611,-37.7295675305,4.1761043173,2978.5845423801,3761.4801071705,4.4041589515,0.0132730308,19.3966160705,0.0001761733,5.0000000000,1.4506973479,1.7139194922,-0.8308410645,1.2198852324,0.9999752905,0.1451605046,large,174,A
4.3453509312,0.0134983164,2.4621818146,0.0001822045,6.0623392881,-23.3436432658,-0.3521057697,1568.3678159981,-1.8759759919,4.3453718966,3.2144261562,18.8822569195,10.3325355134,4.7415082247,0.0028992584,3.6445204016,-5.0000000000,1.0929407738,0.9999951752,-0.6428660081,small,13,A
4.4171552047,0.0220721572,1.7736313081,0.0004871801,3.1457680171,0.5003097349,-1.9881443627,13.3096287859,1.9528266854,4.4172103507,1.9202592393,19.5117472823,3.6873955462,4.7853022858,0.0466933195,4.3903927732,-5.0000000000,1.2485229314,0.9999875156,-0.3832573581,small,13,A
4.6495311719,0.0222234951,0.4666377317,0.0004938837,0.2177507726,-59.2434759755,-10.5129143935,6263.8897213816,108.6735130308,4.6495842827,0.4687379509,21.6186340020,0.2197152666,4.8292489395,1.5384380627,1.8456068606,-5.0000000000,1.8217282676,0.9999885773,-0.0945573382,large,174,B
4.3873554070,0.0232573963,1.1764941973,0.0005409065,1.3841385963,-60.3401190745,-3.7512028325,5262.8483187323,12.0726513332,4.3874170504,1.2122819935,19.2494283741,1.4696276319,4.7415082247,0.3976561785,1.9333475753,-5.0000000000,1.1828826877,0.9999859500,-0.2411856998,medium,44,A
4.6517399412,0.0172897696,0.2516908687,0.0002989361,0.0633482934,-73.7940390656,-19.7212427516,10421.5684328682,387.8846877168,4.6517720727,0.2519739000,21.6389834163,0.0634908463,4.8730430006,0.9680471206,1.6701254311,-5.0000000000,1.8274998047,0.9999930926,-0.0473840817,large,174,B
4.3918047099,0.0266304015,2.4489482058,0.0007091783,5.9973473149,-50.8999905446,-0.4122595145,3360.0161594654,-1.8299658440,4.3918854480,3.1585124191,19.2886577885,9.9762007016,4.7853022858,0.0466933195,2.6792199469,-5.0000000000,1.1927467029,0.9999816165,-0.6315334804,small,13,A
4.6507004561,0.0196274663,0.0135849486,0.0003852374,0.0001845508,-41.6426016894,6.6897322817,3224.9756891735,597.5606287060,4.6507418730,0.0135952414,21.6293999696,0.0001848306,4.8730430006,0.8803064058,2.8986480300,-0.2165222168,1.8247769595,0.9999910945,-0.0389049480,medium,44,B
4.6512074848,0.0257719578,1.2678776061,0.0006641938,1.6075136241,-66.1333385608,-3.3987349626,5984.1876220127,9.5531049950,4.6512788844,1.3139724889,21.6343952604,1.7265237015,4.8730430006,1.2752159185,1.8894009217,-5.0000000000,1.8264258608,0.9999846495,-0.2625461152,large,174,B
4.6516742209,0.0284379389,0.6354162333,0.0008087164,0.4037537895,-63.8562709676,-7.6088842691,5271.9715181309,55.9238767908,4.6517611476,0.6405556860,21.6388817739,0.4103115869,4.8730430006,1.4067506943,1.7139194922,-5.0000000000,1.8278319159,0.9999813132,-0.1264218398,large,174,B
4.6516282410,0.0130030989,0.0122956665,0.0001690806,0.0001511834,2.3925831971,-8.2056194572,113.5429118142,157.2866880468,4.6516464153,0.0122961066,21.6378143726,0.0001511942,5.0000000000,0.0466933195,4.5220801416,-0.3482055664,1.8270679823,0.9999960929,0.0084608561,small,13,B
4.6514650805,0.0242699688,0.0137311319,0.0005890314,0.0001885440,-69.1020830308,31.5273817310,6737.9674737535,3093.5886715585,4.6515283969,0.0137443687,21.6367164268,0.0001889077,4.8730430006,1.6261787774,1.6701254311,-0.2165222168,1.8270468953,0.9999863881,0.0438772008,large,174,B
4.6517903515,0.0131813584,0.0139106465,0.0001737482,0.0001935061,2.4599519189,21.3276438140,86.7703980979,1166.0215638726,4.6518090269,0.0139280792,21.6393272223,0.0001939914,4.9609363079,0.7048249763,4.5660267953,-0.1287841797,1.8275109026,0.9999959854,0.0500167988,small,13,B
4.4114799123,0.0394368408,0.0200570904,0.0015552644,0.0004022869,-32.9905334016,47.9956158669,1659.8372905582,3329.1476680770,4.4116561835,0.0201311316,19.4627102813,0.0004052625,4.4343394269,1.3190099796,2.3282570879,-0.4359436035,1.2369428599,0.9999600442,0.0856875775,small,13,A
4.4276992726,0.0285067817,1.0477922732,0.0008126366,1.0978686478,-49.4612756369,-4.3341399544,3896.1125285703,16.7870884639,4.4277910390,1.0723351565,19.6053334851,1.1499026879,5.0000000000,0.4853968932,1.8894009217,-5.0000000000,1.2725182860,0.9999792749,-0.2127224025,medium,44,A
4.4058128263,0.0270908867,0.0127734032,0.0007339161,0.0001631598,-23.5153656696,42.7242053311,2100.7823515103,5559.0465760630,4.4058961150,0.0129242606,19.4119205764,0.0001670365,5.0000000000,1.5822321238,1.7578661458,-0.6991577148,1.2235559229,0.9999810961,0.1523436341,large,174,A
4.6517450126,0.0261417434,0.9141407537,0.0006833907,0.8356533176,-77.4833051538,-5.0899566978,8018.0454366401,23.9163935023,4.6518184673,0.9303036235,21.6394150529,0.8654648319,4.8292489395,1.3629566332,1.8016602069,-5.0000000000,1.8278979698,0.9999842095,-0.1855954417,medium,44,B
4.4314250217,0.0156213116,0.0102166965,0.0002440254,0.0001043809,-38.6368929335,81.7519083185,4466.0762840096,11903.1586111092,4.4314525551,0.0104461166,19.6377717482,0.0001091214,5.0000000000,1.4506973479,2.7669606616,-0.3042602539,1.2803666051,0.9999937868,0.2084277495,medium,44,A
4.6519009647,0.0125065212,0.0206822811,0.0001564131,0.0004277568,-29.9575325979,37.6637656204,4115.5932845679,2180.8371681238,4.6519177764,0.0206868385,21.6403389984,0.0004279453,4.9169896542,1.1874752037,2.7231666005,-0.3042602539,1.8277926314,0.9999963861,0.0209895728,small,13,B
4.6507616186,0.0223784817,0.3023395044,0.0005007964,0.0914091759,-69.8324883836,-16.3800154021,7625.6305157332,267.0277604154,4.6508154586,0.3028498074,21.6300844299,0.0917180059,4.8730430006,1.6261787774,1.6701254311,-5.0000000000,1.8250577468,0.9999884235,-0.0580273023,large,174,B
4.4317295581,0.0164801829,0.0120983356,0.0002715964,0.0001463697,-46.3887704219,4.8674837054,5890.9043670012,3068.3269938812,4.4317602002,0.0122827707,19.6404984722,0.0001508665,5.0000000000,1.0557878353,2.5475325785,-0.7431030273,1.2810833890,0.9999930858,0.1726442738,medium,44,A
4.3864480435,0.0213707389,0.0137247672,0.0004567085,0.0001883692,-56.8929252483,55.2944322729,6209.6803180689,5703.9206182378,4.3865001022,0.0138727700,19.2413831467,0.0001924537,4.8292489395,1.4506973479,1.9333475753,-0.4797363281,1.1808260597,0.9999881321,0.1456823734,medium,44,A
4.3427734443,0.0487190154,0.0089788300,0.0023735425,0.0000806194,-41.2604994683,-4.3496236246,1938.3124005614,18.1086225493,4.3430467107,0.0090379212,18.8620547310,0.0000816840,4.7415082247,0.0466933195,1.8016602069,-0.0410461426,1.0897499986,0.9999370796,0.1141644944,small,13,A
4.6499943999,0.0420349015,0.0192134671,0.0017669329,0.0003691573,-57.0959430902,34.8616918349,3641.3636808449,2497.4021070191,4.6501843890,0.0192304076,21.6242148517,0.0003698086,4.8292489395,1.6261787774,1.7139194922,-0.1725769043,1.8242518126,0.9999591437,-0.0419651610,medium,44,B
4.6503636947,0.0165095734,1.7751365151,0.0002725660,3.1511096473,1.7950692908,-1.9829200435,51.6461017361,1.9323847886,4.6503930005,1.9232317085,21.6261550587,3.6988202047,4.9609363079,0.4414502396,4.5660267953,-5.0000000000,1.8237546739,0.9999936982,-0.3848078699,small,13,B
4.6526876006,0.0157655455,0.0110999797,0.0002485524,0.0001232095,-32.4467363291,10.1013512157,2296.5186785075,995.3229106427,4.6527143112,0.0111348601,21.6477504615,0.0001239851,4.8730430006,0.8363597522,3.4690389721,-0.2165222168,1.8300122973,0.9999942591,0.0790902817,medium,44,B
4.6513431322,0.0283515597,0.8966092554,0.0008038109,0.8039081568,-64.1643505678,-5.2047677238,5493.0919578601,25.0990423710,4.6514295377,0.9117903857,21.6357967441,0.8313617075,4.8730430006,1.5384380627,1.6701254311,-5.0000000000,1.8269320718,0.9999814239,-0.1817206375,large,174,B
4.4188659466,0.0280145352,0.0115126826,0.0007848142,0.0001325419,-20.8303282307,14.9673336028,952.8889034047,788.9479475658,4.4189547484,0.0115630984,19.5271610683,0.0001337052,4.4343394269,0.5291909543,3.1180761132,-0.0410461426,1.2526458207,0.9999799043,0.0932797570,small,13,A
4.6510283435,0.0276349999,0.0106731255,0.0007636932,0.0001139156,-48.8280413913,-5.1758351949,3004.6488810860,48.2292359942,4.6511104422,0.0106884160,21.6328283457,0.0001142422,4.8730430006,0.0466933195,2.9424420911,-0.2165222168,1.8260412783,0.9999823486,0.0534703330,small,13,B
4.3882159888,0.0268133005,1.3691293739,0.0007189531,1.8745152425,-72.3926282896,-3.0569975954,6443.1407311196,7.3462661131,4.3882979066,1.4281084893,19.2571585171,2.0394938573,4.8730430006,1.3629566332,1.7578661458,-5.0000000000,1.1849329913,0.9999813327,-0.2844150841,medium,44,A
4.4003053440,0.0252455390,0.0233567446,0.0006373372,0.0005455375,-21.2022118689,46.8675931289,1025.4208089212,3397.1598509223,4.4003777631,0.0234341799,19.3633244580,0.0005491608,4.4343394269,1.5384380627,3.2058168279,-0.6114196777,1.2113091874,0.9999835425,0.0812270234,small,13,A
4.6522033234,0.0115353875,2.1141849042,0.0001330652,4.4697778094,-1.3046358856,-1.2622542313,14.8955299688,-0.4060830662,4.6522176247,2.4140453048,21.6431288275,5.8276147334,4.7853022858,1.0118411817,4.5660267953,-5.0000000000,1.8285868930,0.9999969259,-0.4827012138,small,13,B
4.3933075285,0.0140489195,0.1961856988,0.0001973721,0.0384888284,-39.2087258981,-25.3245041591,6305.0149440756,641.9967111189,4.3933299913,0.1962590514,19.3013484125,0.0385176152,5.0000000000,1.5822321238,1.6701254311,-5.0000000000,1.1955187241,0.9999948871,-0.0273380320,large,174,A
4.6529153678,0.0132280560,0.0099396710,0.0001749815,0.0000987971,4.8749606296,-4.2481477279,130.4702014642,24.8478826454,4.6529341711,0.0099703620,21.6497964010,0.0000994081,4.9609363079,0.0906399731,4.5660267953,-0.1287841797,1.8305549738,0.9999959588,0.0784027155,small,13,B
4.6517256285,0.0276638188,1.3315137307,0.0007652869,1.7729288151,-65.4329590148,-3.1786071058,5604.0430609852,8.1052413506,4.6518078862,1.3855284909,21.6393166100,1.9196891990,4.8730430006,1.5384380627,1.7139194922,-5.0000000000,1.8279274617,0.9999823171,-0.2764960674,large,174,B
4.6507457753,0.0289425133,0.0138519125,0.0008376691,0.0001918755,-60.3859159056,16.3920278847,4836.8058063358,1307.2205280245,4.6508358319,0.0138523066,21.6302739356,0.0001918864,4.8730430006,1.0995818964,1.9333475753,-0.1725769043,1.8253518186,0.9999806365,-0.0075433114,medium,44,B
4.4110845271,0.0294370682,0.0143370665,0.0008665410,0.0002055515,-21.6867259494,32.0468112859,1447.2719721575,4347.3464042002,4.4111827491,0.0144750620,19.4585332463,0.0002095274,5.0000000000,1.4506973479,2.2405163732,-0.7431030273,1.2353753674,0.9999777334,0.1377525974,medium,44,A
4.6510096740,0.0299163271,0.6435310545,0.0008949866,0.4141322181,-61.0360304975,-7.5040833133,4778.0249893432,54.3528041280,4.6511058872,0.6489411029,21.6327859742,0.4211245551,4.8730430006,1.6261787774,1.7139194922,-5.0000000000,1.8261221258,0.9999793139,-0.1288563701,large,174,B
4.6517391915,0.0245656913,0.0155507829,0.0006034732,0.0002418268,-66.5870438414,39.9625040324,6128.2794678461,3369.7990484605,4.6518040563,0.0155667981,21.6392809786,0.0002423252,4.8730430006,1.6261787774,1.7139194922,-0.2165222168,1.8278023149,0.9999860560,0.0453493038,large,174,B
4.3991034943,0.0261573739,0.0141495451,0.0006842082,0.0002002096,-35.4212734406,25.4526499364,3249.1362195974,4613.7878473158,4.3991812604,0.0142965912,19.3527957621,0.0002043925,5.0000000000,1.5822321238,1.6701254311,-0.8308410645,1.2087126995,0.9999823226,0.1430559433,large,174,A
4.4308174827,0.0212203680,0.0143206808,0.0004503040,0.0002050819,-59.3423908361,24.4571100162,6726.3086748808,5235.7773944983,4.4308682974,0.0144289715,19.6325938688,0.0002081952,5.0000000000,1.5822321238,1.9333475753,-0.7431030273,1.2791984831,0.9999885317,0.1222859471,medium,44,A
4.3974200788,0.0253491765,0.0130918124,0.0006425808,0.0001713956,-33.0697593942,5.0158768765,2616.3644887203,3061.7145490431,4.3974931416,0.0131870954,19.3379459302,0.0001738995,5.0000000000,1.3629566332,2.1527756584,-0.8308410645,1.2049734101,0.9999833854,0.1199947099,large,174,A
4.6526642810,0.0136645672,0.3986670121,0.0001867204,0.1589353866,-57.6955293430,-12.3440486965,9696.4326842401,150.9725697978,4.6526843469,0.3998694453,21.6474716322,0.1598955733,4.7853022858,1.4506973479,1.9771416364,-5.0000000000,1.8298873775,0.9999956872,-0.0774924929,medium,44,B
4.6510365703,0.0279447269,1.1207580606,0.0007809078,1.2560986304,-61.4520112729,-3.9874484925,5095.0980290380,13.9046428349,4.6511205194,1.1515921978,21.6329220858,1.3261645900,4.8730430006,1.6261787774,1.7578661458,-5.0000000000,1.8260807220,0.9999819508,-0.2298554594,large,174,B
4.6509605896,0.0209387792,0.0149874541,0.0004384325,0.0002246238,-58.5937805710,32.1589822628,5516.8018619824,2735.8339037451,4.6510077229,0.0149875115,21.6318728382,0.0002246255,4.8730430006,1.3629566332,2.4597918638,-0.1725769043,1.8255329470,0.9999898660,0.0027664465,medium,44,B
4.3909902980,0.0253888606,0.0128396678,0.0006445942,0.0001648571,-73.2979235902,45.2740682301,6675.0278792288,4505.9271356093,4.3910636970,0.0129748945,19.2814403915,0.0001683479,4.9169896542,1.2752159185,1.7578661458,-0.6114196777,1.1909044246,0.9999832845,0.1439990644,medium,44,A
4.3893245628,0.0070421975,0.0106563662,0.0000495925,0.0001135581,-5.4059996075,-28.8575248351,33.1555003349,1444.8172575874,4.3893302120,0.0107724730,19.2662197103,0.0001160462,4.4343394269,0.0466933195,4.3465987121,-0.5674743652,1.1866775957,0.9999987130,0.1464241770,small,13,A
4.3823793200,0.0273573850,0.0095527538,0.0007484265,0.0000912551,-35.3438162213,-9.8764074831,1950.4577334952,216.0427823942,4.3824647096,0.0096373234,19.2059969306,0.0000928780,4.4343394269,0.0466933195,2.8547013764,-0.3042602539,1.1722934188,0.9999805156,0.1321870747,small,13,A
4.6504533037,0.0297847629,0.0126712679,0.0008871321,0.0001605610,-39.0017415735,-1.9048057010,1976.6495010466,26.9336169353,4.6505486839,0.0126828990,21.6276030616,0.0001608559,4.8730430006,0.2221747490,3.0303353984,-0.1287841797,1.8246112575,0.9999794905,-0.0428171117,small,13,B
4.3923082227,0.0241133939,0.0118488757,0.0005814558,0.0001403959,-62.6699132119,27.6288581800,5591.4617290933,4259.7515169116,4.3923744125,0.0119211161,19.2929529792,0.0001421130,4.9609363079,1.2752159185,1.9333475753,-0.5674743652,1.1937187092,0.9999849308,0.1099228174,medium,44,A
4.6517664610,0.0185813464,0.1405191400,0.0003452664,0.0197456287,-66.2822311614,-35.1117762313,8797.5240405884,1247.6989499697,4.6518035722,0.1405483115,21.6392764744,0.0197538279,4.8730430006,1.5822321238,1.7578661458,-5.0000000000,1.8276178316,0.9999920222,-0.0203732148,large,174,B
4.3637625469,0.0223306333,1.8293612759,0.0004986572,3.3465626778,0.9253745247,1.8641869979,17.8948310134,1.4752178398,4.3638196826,4.5850730920,19.0429222226,21.0228952592,4.7415082247,0.0466933195,4.0833765679,-5.0000000000,1.1320894133,0.9999869069,-0.9169587917,small,13,A
4.3919938879,0.0135200428,0.0150704158,0.0001827916,0.0002271174,-72.7893574465,20.9801821104,13407.6054727154,4095.5064504123,4.3920146974,0.0152016473,19.2897931026,0.0002310901,5.0000000000,1.6261787774,1.6701254311,-0.8308410645,1.1926334427,0.9999952620,0.1311141030,large,174,A
4.6506632581,0.0276095882,0.0145909623,0.0007622894,0.0002128962,-61.9893653758,27.0653269759,5236.4551942012,2542.9529113155,4.6507452123,0.0145912193,21.6294310298,0.0002129037,4.8730430006,1.5384380627,1.6701254311,-0.2165222168,1.8250535262,0.9999823783,-0.0059358995,large,174,B
4.6525836692,0.0141260797,0.0140168791,0.0001995461,0.0001964729,-60.8821383327,22.4458557304,9987.1455535784,1224.1855541158,4.6526051138,0.0140362685,21.6467343446,0.0001970168,4.7415082247,0.8803064058,1.9771416364,-0.0848388672,1.8296821282,0.9999953908,0.0525438249,medium,44,B
4.3861554080,0.0166038700,1.0536763260,0.0002756885,1.1102338000,-16.1936317525,-4.3050333396,1441.8666235934,16.5344156625,4.3861868350,1.0786662167,19.2386349519,1.1635208070,4.9169896542,0.0466933195,3.0741294595,-5.0000000000,1.1800092589,0.9999928350,-0.2140048356,medium,44,A
4.3937852244,0.0147637760,0.1778320417,0.0002179691,0.0316242351,-18.6266443768,-27.7759130222,3027.9861390682,778.6952799495,4.3938100285,0.1778827337,19.3055665670,0.0316422669,5.0000000000,1.6261787774,2.0210882900,-5.0000000000,1.1965840861,0.9999943547,-0.0238718918,large,174,A
4.6518034210,0.0128180503,0.0121158130,0.0001643024,0.0001467929,0.5964016459,-2.9817951024,46.3251300024,9.9250177903,4.6518210810,0.0121262458,21.6394393697,0.0001470458,4.9169896542,0.0906399731,4.6098208563,-0.1287841797,1.8275367913,0.9999962036,-0.0414722141,small,13,B
4.6507927088,0.0223617663,0.9832438418,0.0005000486,0.9667684524,-50.5326143428,-4.6733912111,3963.6667434791,19.8547720164,4.6508464680,1.0036123561,21.6303728690,1.0072377614,4.9609363079,1.5384380627,2.8986480300,-5.0000000000,1.8251409908,0.9999884410,-0.2004457695,small,13,B
4.3920099165,0.0172730110,0.0119735568,0.0002983569,0.0001433661,-36.0402110649,58.7287221839,2850.2710085434,6887.0731099154,4.3920438823,0.0121768152,19.2900494640,0.0001482748,4.8730430006,1.2752159185,2.9863887448,-0.5674743652,1.1927840147,0.9999922665,0.1819501691,medium,44,A
4.6516555695,0.0298786297,0.0131886887,0.0008927325,0.0001739415,-64.0270862886,4.3624190329,5275.1256735423,440.2908764894,4.6517515271,0.0131935469,21.6387922697,0.0001740697,4.8292489395,0.7925656911,1.7578661458,-0.2165222168,1.8278655111,0.9999793717,-0.0271350437,medium,44,B
4.3916720419,0.0101185596,0.0131244856,0.0001023852,0.0001722521,3.9351770069,55.3963999739,1052.1314847495,6580.0409473844,4.3916836986,0.0132863451,19.2868857088,0.0001765270,4.9169896542,1.5384380627,3.7762077700,-0.5674743652,1.1918502323,0.9999973457,0.1556161485,medium,44,A
4.6510190769,0.0463539107,0.0119512669,0.0021486850,0.0001428328,-53.8989436563,-6.7251776614,3213.6409939267,150.4094263120,4.6512500619,0.0119536910,21.6341271387,0.0001428907,4.9609363079,0.2221747490,1.7139194922,-0.3482055664,1.8274012312,0.9999503391,0.0201381609,small,13,B
4.6509782538,0.0322619343,1.2773086057,0.0010408324,1.6315172742,-60.2594133248,-3.3647204167,4606.6960756938,9.3228512060,4.6510901464,1.3246079177,21.6326395497,1.7545861357,4.8292489395,0.9241004669,1.7139194922,-5.0000000000,1.8261830746,0.9999759427,-0.2648419305,medium,44,B
4.4013706758,0.0203061540,0.0218957713,0.0004123399,0.0004794248,-1.0147579641,49.6511546627,49.4919086340,3421.4337764227,4.4014175177,0.0219454638,19.3724761655,0.0004816034,4.6098208563,1.4506973479,3.9516891995,-0.4359436035,1.2134297053,0.9999893575,0.0672576970,small,13,A
4.6511762787,0.0270717789,0.6627641845,0.0007328812,0.4392563643,-63.5960336786,-7.2713569287,5286.2777955094,50.9030404860,4.6512550626,0.6687057823,21.6341736570,0.4471674233,4.8730430006,1.4944914090,2.0210882900,-5.0000000000,1.8264102174,0.9999830618,-0.1330093689,large,174,B
4.6522419304,0.0204939277,0.0110344308,0.0004200011,0.0001217587,-89.9864211363,-1.2267470805,12079.0004257552,112.1350844975,4.6522870698,0.0110462317,21.6437749798,0.0001220192,4.8292489395,0.3976561785,1.8894009217,-0.2165222168,1.8289782393,0.9999902974,0.0462113185,medium,44,B
4.6508742577,0.0126396797,0.0197582218,0.0001597615,0.0003903873,-1.7112801293,24.9220313391,11.0361210164,1475.4525124604,4.6508914331,0.0197731080,21.6307911224,0.0003909758,4.7853022858,1.0557878353,4.6098208563,-0.3919982910,1.8250210216,0.9999963071,-0.0387961631,small,13,B
4.4133288518,0.0243077144,0.0069106935,0.0005908650,0.0000477577,-5.5421543921,-5.6856233566,161.0609151981,34.7686372670,4.4133957923,0.0071538554,19.4780624193,0.0000511776,4.4343394269,0.0466933195,3.6884670553,-0.0410461426,1.2400919973,0.9999848324,0.2585059559,small,13,A
4.4013023931,0.0254398181,0.0099758818,0.0006471843,0.0000995182,-25.2316594026,11.9740710245,1822.0713303913,3006.1568081994,4.4013759144,0.0101230284,19.3721099395,0.0001024757,4.9169896542,0.9241004669,2.3720511490,-0.6552124023,1.2135141453,0.9999832958,0.1698833906,medium,44,A
4.6509777659,0.0260896941,0.0151540374,0.0006806721,0.0002296448,-65.4105691753,35.8944883945,6086.1354495029,3228.6737759145,4.6510509405,0.0151578187,21.6322748514,0.0002297595,4.8730430006,1.5822321238,1.6701254311,-0.2165222168,1.8258215962,0.9999842671,0.0223352226,large,174,B
4.6516890771,0.0183683324,0.0147501131,0.0003373956,0.0002175658,-57.7504896527,40.2835738141,6847.6888889240,3626.1841359849,4.6517253428,0.0147766206,21.6385486653,0.0002183485,4.8730430006,1.5384380627,1.8016602069,-0.2165222168,1.8274007567,0.9999922038,0.0598710163,large,174,B
4.6521869864,0.0234867170,1.2314071999,0.0005516259,1.5163636920,-70.7653514478,-3.5336297676,7482.3653002015,10.4900935598,4.6522462727,1.2731855961,21.6433953819,1.6210015621,4.8730430006,1.4067506943,1.8456068606,-5.0000000000,1.8289612719,0.9999872564,-0.2540696147,medium,44,B
4.6521990993,0.0124482183,2.4687075861,0.0001549581,6.0945171459,0.5902112152,-0.3206892155,38.7088650846,-1.8971158576,4.6522157535,3.2435851074,21.6431114175,10.5208443488,4.8730430006,0.0466933195,4.5660267953,-5.0000000000,1.8285973622,0.9999964201,-0.6486291459,small,13,B
4.6510402934,0.0126284837,0.0110089859,0.0001594786,0.0001211978,-1.5569761419,-3.8016779529,12.9370153578,14.4886571109,4.6510574378,0.0110090977,21.6323352896,0.0001212002,4.7853022858,0.0028992584,4.5660267953,-0.1287841797,1.8254693530,0.9999963139,0.0045064276,small,13,B
4.6518707837,0.0120358946,1.5931166747,0.0001448628,2.5380207392,0.6024181154,-2.4188628098,57.9925126102,3.8512810057,4.6518863541,1.6930202269,21.6400466513,2.8663174886,4.9169896542,0.0466933195,4.5660267953,-5.0000000000,1.8276994787,0.9999966529,-0.3384317850,small,13,B
4.6520316878,0.0218587112,0.0138909129,0.0004778033,0.0001929575,-58.9419840885,29.9999698537,4893.6366960180,2649.9649674012,4.6520830418,0.0138971232,21.6418766275,0.0001931300,4.8730430006,1.2312692648,2.6792199469,-0.2165222168,1.8284674881,0.9999889611,0.0298924382,medium,44,B
4.4194703790,0.0213574379,0.3132293639,0.0004561402,0.0981126344,-3.8545795679,-15.8204379651,260.1019785823,248.6115189993,4.4195219845,0.3137336079,19.5321745711,0.0984287767,5.0000000000,0.1783806879,2.5914792322,-5.0000000000,1.2536700696,0.9999883233,-0.0566735303,medium,44,A
4.4144255039,0.0222113136,0.4144655040,0.0004933425,0.1717816540,-1.5470249975,-11.8894013354,93.9614542584,139.5249749960,4.4144813820,0.4157446353,19.4876458718,0.1728436018,5.0000000000,1.3629566332,2.8547013764,-5.0000000000,1.2424375462,0.9999873421,-0.0783835488,medium,44,A
4.6512039552,0.0213133842,0.5870168227,0.0004542603,0.3445887501,-33.6974744518,-8.2756548938,1722.2103996596,66.5171384485,4.6512527875,0.5911789445,21.6341524932,0.3494925444,4.7415082247,0.2221747490,3.5129856258,-5.0000000000,1.8262063889,0.9999895013,-0.1184532994,small,13,B
4.4219426744,0.0208452279,0.0118771271,0.0004345235,0.0001410661,1.2429713457,-25.9884266672,43.5403301963,1255.0266130908,4.4219918068,0.0119267987,19.5540115394,0.0001422485,4.8730430006,0.0466933195,4.3903927732,-0.6114196777,1.2591898882,0.9999888891,0.0911705265,small,13,A
4.6521520690,0.0152987742,0.0103539001,0.0002340525,0.0001072032,-12.6922739464,-4.3961460220,550.4574043751,24.7260070775,4.6521772242,0.0103704861,21.6427529254,0.0001075470,4.9169896542,0.0466933195,4.0394299142,-0.1287841797,1.8285492701,0.9999945928,0.0565344679,small,13,B
4.4192821991,0.0315822733,0.0181199241,0.0009974400,0.0003283316,-26.8346817770,49.6445598838,1383.1331136433,3250.9570733531,4.4193950486,0.0181981994,19.5310525957,0.0003311745,4.8292489395,1.1874752037,2.8109073153,-0.1287841797,1.2537900813,0.9999744650,0.0926500841,small,13,A
4.3470743480,0.0057658135,0.0118802601,0.0000332446,0.0001411406,15.3542958016,-17.4757792939,462.8076824590,677.4562286090,4.3470781718,0.0118985236,18.8970886316,0.0001415749,4.5660267953,0.0466933195,4.3026520585,-0.5236816406,1.0963979348,0.9999991204,0.0553852432,small,13,A
4.6518820205,0.0161241608,0.0102630640,0.0002599886,0.0001053305,-16.3383023020,-3.5375770757,746.5718298466,26.4374394652,4.6519099649,0.0102946300,21.6402663215,0.0001059794,4.9169896542,0.1344340342,3.9516891995,-0.1287841797,1.8278449860,0.9999939929,0.0782503567,small,13,B
4.6520944043,0.0117050083,1.8136265965,0.0001370072,3.2892414314,-1.2179252923,-1.8973029611,14.2478352200,1.6011724947,4.6521091296,1.9738404031,21.6421193540,3.8960459368,4.7853022858,1.4067506943,4.6098208563,-5.0000000000,1.8282962854,0.9999968347,-0.3946502333,small,13,B
4.6518048564,0.0299138643,0.2069342725,0.0008948393,0.0428217931,-62.0606663252,-23.9242112189,4960.0362933012,574.8437380023,4.6519010374,0.2070778158,21.6401832616,0.0428812218,4.8730430006,1.5822321238,1.6701254311,-5.0000000000,1.8282712091,0.9999793244,-0.0372275452,large,174,B
4.6522667530,0.0171390102,1.8360490472,0.0002937457,3.3710761036,-38.1431993344,-1.8481642801,2617.7583669244,1.4161839590,4.6522983230,2.0040238425,21.6438796865,4.0161115615,4.8292489395,0.8363597522,3.4690389721,-5.0000000000,1.8289191169,0.9999932141,-0.4007641915,small,13,B
4.4066267007,0.0313053429,0.0126101003,0.0009800245,0.0001590146,-24.4794432398,-4.0757429014,1237.7106751131,917.9161899509,4.4067378983,0.0126839592,19.4193389041,0.0001608828,4.7415082247,0.4853968932,2.8547013764,-0.5236816406,1.2256026793,0.9999747665,0.1077595479,small,13,A
4.6528123616,0.0150761786,0.0116956430,0.0002272912,0.0001367881,-18.3853531440,1.9633879533,772.1922502794,157.3296349032,4.6528367867,0.0116994752,21.6488901637,0.0001368777,4.8292489395,0.3537095248,3.9956358531,-0.1287841797,1.8303285769,0.9999947505,0.0255929364,small,13,B
4.3459558710,0.0112671529,2.4901128143,0.0001269487,6.2006618277,-37.9546696847,0.1862339560,1900.4595265341,-1.9652911580,4.3459704764,3.6957903620,18.8874593814,13.6588663998,4.4343394269,0.0906399731,3.7322611164,-5.0000000000,1.0941506328,0.9999966393,-0.7389410906,small,13,A
4.4311008481,0.0254359892,0.0126803653,0.0006469895,0.0001607917,-56.6247483706,16.6018190227,5228.8038576237,2155.4978460129,4.4311738530,0.0127975614,19.6353017157,0.0001637776,5.0000000000,0.9680471206,1.8894009217,-0.6991577148,1.2800361182,0.9999835247,0.1350241635,medium,44,A
4.4265651939,0.0184685856,1.2070036737,0.0003410887,1.4568578683,3.4677944140,-3.6288558841,137.6392452679,11.1693064671,4.4266037212,1.2459717859,19.5948205044,1.5524456912,4.9609363079,0.0466933195,4.3465987121,-5.0000000000,1.2694902247,0.9999912964,-0.2481378854,small,13,A
4.6518645858,0.0189400080,0.0148172637,0.0003587239,0.0002195513,-62.1139239674,46.0445872018,7442.9684424757,4068.8354081423,4.6519031426,0.0148641170,21.6402028485,0.0002209420,4.8292489395,1.6261787774,1.7139194922,-0.2165222168,1.8278965822,0.9999917116,0.0793365126,large,174,B
4.3912759519,0.0110671247,0.0116824161,0.0001224813,0.0001364788,26.3288333135,-22.3907757609,1008.0203209216,996.5400564703,4.3912898978,0.0117207488,19.2834269666,0.0001373760,4.8292489395,0.0466933195,4.3465987121,-0.5674743652,1.1910056843,0.9999968242,0.0808102082,small,13,A
4.6518623180,0.0276740154,1.2137662221,0.0007658511,1.4732284419,-79.8145170045,-3.6013994232,8087.4679761603,10.9716583513,4.6519446339,1.2536996394,21.6405888768,1.5717627858,4.8292489395,0.5731376080,1.7139194922,-5.0000000000,1.8282975780,0.9999823051,-0.2503803912,medium,44,B
4.6515985204,0.0132933902,0.0110088702,0.0001767142,0.0001211952,1.2309734748,-3.5238349078,54.7312485718,14.8785618670,4.6516175154,0.0110102453,21.6375455093,0.0001212255,4.9169896542,0.0906399731,4.6098208563,-0.1287841797,1.8269952746,0.9999959165,0.0158037749,small,13,B
4.6510338684,0.0185929540,0.2862462720,0.0003456979,0.0819369282,-69.0643707399,-17.2971146771,8991.4484384693,298.3561244276,4.6510710319,0.2866777555,21.6324617433,0.0821841355,4.8730430006,1.5384380627,1.7578661458,-5.0000000000,1.8256382116,0.9999920097,-0.0548449466,large,174,B
4.3932976226,0.0158177631,0.0119074194,0.0002502016,0.0001417866,-44.8543258107,-2.5188400883,6714.1834903067,2540.4558585986,4.3933260979,0.0120611372,19.3013142021,0.0001454710,5.0000000000,1.1435285501,1.6701254311,-0.7431030273,1.1955498931,0.9999935185,0.1591456355,large,174,A
4.3912207511,0.0212762359,1.6377526984,0.0004526782,2.6822339013,-74.8217828774,-2.3083992923,7628.5977432496,3.3292024107,4.3912722944,1.7471125910,19.2832723632,3.0524024055,4.9169896542,1.2312692648,2.0210882900,-5.0000000000,1.1912154059,0.9999882623,-0.3482401478,medium,44,A
4.6523357980,0.0137015946,0.0204798113,0.0001877337,0.0004194227,-42.2400296741,48.2043289534,6529.9361799913,3535.6223611967,4.6523559743,0.0204842419,21.6444161112,0.0004196042,4.8292489395,1.6261787774,2.1527756584,-0.1287841797,1.8289998443,0.9999956632,0.0207975801,medium,44,B
4.6506657441,0.0132208043,0.0133401856,0.0001747897,0.0001779606,-0.7550449901,-5.1645731461,24.5881067736,87.8712777776,4.6506845360,0.0133660088,21.6288666533,0.0001786502,4.8730430006,0.1344340342,4.6098208563,-0.3482055664,1.8244727420,0.9999959593,-0.0621311070,small,13,B
4.3909147294,0.0208124245,0.9960570526,0.0004331570,0.9921296519,-61.8309545716,-4.6052878520,5256.3265209407,19.2116772482,4.3909640534,1.0170070640,19.2805653180,1.0343033682,4.9609363079,0.9241004669,2.5037385174,-5.0000000000,1.1905281039,0.9999887669,-0.2019281965,medium,44,A
4.3660192608,0.0317106593,0.0078790427,0.0010055659,0.0000620793,-23.0263193842,-4.7966989289,1170.1791880912,25.5551831145,4.3661344175,0.0080307766,19.0631297516,0.0000644934,4.8292489395,0.0466933195,2.8109073153,-0.0410461426,1.1374026303,0.9999736250,0.1934712267,small,13,A
4.4023352434,0.0313419745,0.0109986404,0.0009823194,0.0001209701,-39.0315408145,19.7415135312,2929.1100252192,5135.0864115357,4.4024468099,0.0111534433,19.3815379142,0.0001243993,5.0000000000,1.6261787774,1.6701254311,-0.6552124023,1.2161253081,0.9999746581,0.1660305218,large,174,A
4.6503762904,0.0249777065,0.1817788384,0.0006238858,0.0330435461,-63.5870571751,-27.2619789449,6114.3287067955,746.2354334698,4.6504433690,0.1818961984,21.6266235279,0.0330862270,4.8730430006,1.1435285501,1.7578661458,-5.0000000000,1.8241400114,0.9999855759,-0.0359164208,large,174,B
4.4019647308,0.0269545501,0.0137760415,0.0007265478,0.0001897793,-29.3781745725,4.6771001880,2395.3878308874,3651.1647854209,4.4020472554,0.0139114603,19.3780200389,0.0001935287,5.0000000000,1.6261787774,1.8016602069,-0.8308410645,1.2150528157,0.9999812531,0.1391901592,large,174,A
4.4050207218,0.0290613354,0.9369436424,0.0008445612,0.8778633891,-30.1237365665,-4.9491594390,2355.2569988861,22.4987575719,4.4051165843,0.9540855507,19.4050521209,0.9102792380,5.0000000000,1.5384380627,1.6701254311,-5.0000000000,1.2219153569,0.9999782384,-0.1887084647,large,174,A
4.3900264545,0.0173451614,0.0115237466,0.0003008546,0.0001327967,-59.7966624416,-18.5240950695,6583.6333996313,1193.5949102817,4.3900607201,0.0116206284,19.2726331260,0.0001350390,4.9169896542,0.5291909543,2.6354258858,-0.6114196777,1.1884585262,0.9999921947,0.1288588060,medium,44,A
4.3887059798,0.0131363841,0.0128446237,0.0001725646,0.0001649844,-89.0582516597,32.2245452140,15157.3210456877,4369.4201437376,4.3887256399,0.0129859293,19.2609127419,0.0001686344,4.9169896542,1.2752159185,1.7139194922,-0.6114196777,1.1854532751,0.9999955203,0.1471205856,medium,44,A
4.6516107693,0.0283465202,0.8351804196,0.0008035252,0.6975263333,-65.9771672409,-5.6422538379,5534.1277605305,29.8449501302,4.6516971391,0.8473035456,21.6382862742,0.7179232984,4.8730430006,1.3629566332,1.7139194922,-5.0000000000,1.8276551969,0.9999814326,-0.1685558200,large,174,B
4.4086704354,0.0262835135,0.0119580567,0.0006908231,0.0001429951,-16.7498305057,40.5161077214,1359.7369844478,4865.2876831088,4.4087487830,0.0121200631,19.4370658315,0.0001468959,5.0000000000,1.3629566332,1.9333475753,-0.6991577148,1.2298409575,0.9999822291,0.1629567982,large,174,A
4.6522796046,0.0160222215,0.4143669495,0.0002567116,0.1716999688,-72.2018725839,-11.8923141346,10923.6907400134,139.5278441895,4.6523071944,0.4157727886,21.6439622312,0.1728670117,4.8730430006,0.3537095248,1.7139194922,-5.0000000000,1.8289168407,0.9999940697,-0.0821650911,medium,44,B
4.6511343498,0.0253296782,0.0187124051,0.0006415926,0.0003501541,-59.5295138517,44.8020346859,5224.5320345780,3447.6424204112,4.6512033209,0.0187124169,21.6336923323,0.0003501545,4.8730430006,1.5384380627,1.9771416364,-0.2165222168,1.8262056237,0.9999851713,0.0011233605,medium,44,B
4.3978304694,0.0245974258,0.0120796585,0.0006050334,0.0001459181,-39.9513251318,48.0440354254,4028.5569523376,5919.6111801192,4.3978992566,0.0122170228,19.3415178711,0.0001492556,5.0000000000,1.5822321238,1.6701254311,-0.6552124023,1.2058367729,0.9999843591,0.1495357252,large,174,A
4.6506251430,0.0274390669,0.0168105304,0.0007529024,0.0002825939,-59.6453903301,31.6033084542,4862.4295547963,2557.9195280197,4.6507060886,0.0168202328,21.6290671230,0.0002829202,4.8730430006,1.5822321238,1.6701254311,-0.2165222168,1.8249411793,0.9999825950,-0.0339606081,large,174,B
4.3901085684,0.0285200505,0.0112210453,0.0008133933,0.0001259119,-68.1711580134,-2.3652976880,5291.0503620007,1892.6475700123,4.3902012067,0.0113498623,19.2738666354,0.0001288194,4.8292489395,0.8803064058,1.7139194922,-0.6114196777,1.1891500841,0.9999788988,0.1502347965,medium,44,A
4.6513232415,0.0283322080,0.0126318537,0.0008027140,0.0001595637,-62.6671330950,29.2482422239,5226.4273450878,3381.0189257100,4.6514095295,0.0126495714,21.6356106107,0.0001600117,4.8730430006,1.5822321238,1.7139194922,-0.2165222168,1.8268772170,0.9999814491,0.0529088709,large,174,B
4.6512351187,0.0228693174,1.1065823953,0.0005230057,1.2245245975,-63.1297578164,-4.0514056318,6208.5557341660,14.4182801380,4.6512913406,1.1361775866,21.6345111347,1.2908995082,4.8730430006,1.5822321238,1.8456068606,-5.0000000000,1.8263593516,0.9999879126,-0.2267544178,large,174,B
4.6520651088,0.0254311982,0.6509606436,0.0006467458,0.4237497595,-61.9862587160,-7.4125268373,5200.8735452888,52.9929147669,4.6521346200,0.6564946591,21.6423565228,0.4309852374,4.8730430006,1.5384380627,1.8456068606,-5.0000000000,1.8287268044,0.9999850582,-0.1295693902,large,174,B
4.3928101375,0.0175800440,0.1730552398,0.0003090579,0.0299481160,-62.9068525389,-28.6942357958,8210.5286896368,825.6494661415,4.3928453151,0.1730974519,19.2970899622,0.0299627279,5.0000000000,1.6261787774,1.6701254311,-5.0000000000,1.1945430546,0.9999919921,-0.0220831687,large,174,A
4.6524122281,0.0120679169,0.4425945233,0.0001456346,0.1958899121,-15.2212313415,-11.0993329932,1868.6512885396,121.4757098936,4.6524278796,0.4442806824,21.6450851748,0.1973853247,4.7415082247,1.5822321238,2.8547013764,-5.0000000000,1.8291644693,0.9999966358,-0.0870408455,medium,44,B
4.6519688629,0.0159744850,0.4158607842,0.0002551842,0.1729401918,-79.6800277718,-11.8418718187,12915.2837875823,138.4202892742,4.6519962904,0.4172820318,21.6410694860,0.1741242941,4.8292489395,0.8363597522,1.7139194922,-5.0000000000,1.8280749906,0.9999941042,-0.0824641001,medium,44,B
4.6502028344,0.0320088534,0.0141752614,0.0010245667,0.0002009380,-54.3346667759,13.8012378534,3868.1739417639,839.0368148197,4.6503129967,0.0141764408,21.6254109677,0.0002009715,4.9609363079,0.7486190374,2.2843104343,-0.1287841797,1.8240722607,0.9999763108,-0.0128985450,small,13,B
4.6508953725,0.0286293781,0.0148182000,0.0008196413,0.0002195791,-59.6192096729,33.7803704053,4694.0563142680,3217.1707553376,4.6509834881,0.0148202612,21.6316474068,0.0002196401,4.8730430006,1.6261787774,1.8016602069,-0.2165222168,1.8257379486,0.9999810544,0.0166777855,large,174,B
4.3916033838,0.0135557505,0.0151977583,0.0001837584,0.0002309719,-68.5179180122,34.6306948399,11226.3308957856,4808.4949273440,4.3916243053,0.0152895364,19.2863640389,0.0002337699,5.0000000000,1.5822321238,1.9333475753,-0.7431030273,1.1917817059,0.9999952360,0.1094043459,large,174,A
4.4065098591,0.0305322314,0.7286017349,0.0009322172,0.5308604881,-33.8731605652,-6.5648321088,2611.8461072886,41.1180242470,4.4066156351,0.7363345857,19.4182613554,0.5421886221,4.9609363079,1.5822321238,1.7139194922,-5.0000000000,1.2252962854,0.9999759961,-0.1445453044,large,174,A
4.3985991544,0.0268707884,0.0110758272,0.0007220393,0.0001226739,-37.0368506448,13.1419565259,3069.2666175188,4884.2056478675,4.3986812297,0.0112627119,19.3483965602,0.0001268487,5.0000000000,1.3190099796,1.7139194922,-0.7868957520,1.2076421413,0.9999813409,0.1814141655,large,174,A
4.4329029881,0.0133186953,0.0109476446,0.0001773876,0.0001198509,-24.7274846913,43.6141040622,3682.7103573835,7766.9446801669,4.4329229961,0.0111784933,19.6508062894,0.0001249587,5.0000000000,1.3629566332,3.1180761132,-0.7431030273,1.2836465680,0.9999954865,0.2021776966,medium,44,A
4.3814809643,0.0186131323,0.4143584280,0.0003464487,0.1716929068,-11.7176513996,-11.8980235635,1261.4291271351,139.6363599319,4.3815204996,0.4156461252,19.1977218888,0.1727617014,4.9169896542,0.0466933195,1.9333475753,-5.0000000000,1.1699475247,0.9999909768,-0.0786544664,medium,44,A
4.3918413533,0.0114587683,0.5993072092,0.0001313034,0.3591691311,-75.2884609780,-8.1007852137,16143.7990919643,63.6363283202,4.3918563018,0.6035304172,19.2884017755,0.3642489645,4.9169896542,0.2659688101,1.6701254311,-5.0000000000,1.1922488441,0.9999965963,-0.1180933852,medium,44,A
4.6507983935,0.0228451739,0.9928136989,0.0005219020,0.9856790408,-46.1826440114,-4.6208052070,3292.8677910054,19.3595555346,4.6508545020,1.0138445941,21.6304475990,1.0278808610,4.8730430006,1.0995818964,2.7231666005,-5.0000000000,1.8251782019,0.9999879359,-0.2026255477,medium,44,B
4.6515252668,0.0368335531,0.0118629877,0.0013567106,0.0001407305,-55.4970878555,2.0574461130,3563.8131718415,257.3676924428,4.6516710995,0.0118636996,21.6380440182,0.0001407474,4.8292489395,0.5731376080,1.8456068606,-0.1725769043,1.8279772574,0.9999686494,0.0109552218,medium,44,B
4.6517331186,0.0294111808,0.0181449096,0.0008650176,0.0003292377,-75.5822432196,45.6733783876,7043.9660314973,3461.2752183076,4.6518260956,0.0181535500,21.6394860238,0.0003295514,4.8292489395,1.5822321238,1.7578661458,-0.2165222168,1.8280474414,0.9999800128,0.0308495755,medium,44,B
4.4305936079,0.0183108113,0.0131900953,0.0003352858,0.0001739786,-33.6686034945,46.1512170324,2684.4445030571,6958.2941763035,4.4306314453,0.0133535584,19.6304950044,0.0001783175,5.0000000000,1.5822321238,2.8547013764,-0.6991577148,1.2785771921,0.9999914600,0.1559887394,medium,44,A
4.3975738537,0.0202088617,0.2210426587,0.0004083981,0.0488598570,-20.9403055485,-22.4537052723,2594.3654847033,504.3422083991,4.3976202879,0.2211810844,19.3390641964,0.0489210721,5.0000000000,1.4944914090,1.9771416364,-5.0000000000,1.2050767623,0.9999894411,-0.0353737781,large,174,A
4.3894427371,0.0200485502,0.0103506981,0.0004019444,0.0001071370,-70.2757414578,-10.1610478393,6398.6307979407,1636.8585453956,4.3894885222,0.0105274550,19.2676094863,0.0001108273,4.8730430006,0.6608783227,2.4597918638,-0.5674743652,1.1872874217,0.9999895694,0.1824781367,medium,44,A
4.3971928287,0.0271324235,0.0149618482,0.0007361684,0.0002238569,-41.9940608561,48.7245987211,3043.4126184895,5568.2014033438,4.3972765368,0.0150912633,19.3360409414,0.0002277462,4.8292489395,1.4944914090,2.1088290048,-0.6552124023,1.2045682718,0.9999809636,0.1306807536,medium,44,A
4.4218047898,0.0300753803,1.5792233586,0.0009045285,2.4939464163,-20.7371195159,-2.4558373579,890.0379297566,4.0327036035,4.4219070691,1.6753689741,19.5532621277,2.8068611994,4.8730430006,1.1435285501,3.0741294595,-5.0000000000,1.2593505149,0.9999768699,-0.3338893541,small,13,A
4.3481450071,0.0261489088,2.4884968830,0.0006837654,6.1926167366,-58.9828200619,-0.1985314979,3972.2841022225,-1.9605497342,4.3482236336,3.3563571658,18.9070487681,11.2651334246,4.4343394269,0.0466933195,2.5914792322,-5.0000000000,1.0992917213,0.9999819175,-0.6710325271,small,13,A
4.3907479449,0.0091286197,0.0096832309,0.0000833317,0.0000937650,-22.1126503981,-4.0813932989,1163.1688821306,15.8045282937,4.3907574343,0.0097097377,19.2787508470,0.0000942790,4.5220801416,0.0466933195,3.9077425459,-0.0848388672,1.1898144109,0.9999978388,0.0738402745,small,13,A
4.3838214915,0.0261825228,0.6692082791,0.0006855245,0.4478397209,-51.1485730044,-7.1993029543,4496.9481248724,49.8474785009,4.3838996788,0.6751676886,19.2185763938,0.4558514077,4.8292489395,1.1874752037,1.9771416364,-5.0000000000,1.1753545499,0.9999821649,-0.1325715499,medium,44,A
4.6509253118,0.0132280568,0.0131481895,0.0001749815,0.0001728749,-3.2187395368,-5.5709980344,37.7429194745,91.2017977475,4.6509441232,0.0131738543,21.6312812373,0.0001735504,4.7415082247,0.0906399731,4.3903927732,-0.3482055664,1.8251741795,0.9999959554,-0.0623901822,small,13,B
4.3974995337,0.0198506514,0.0134394578,0.0003940484,0.0001806190,-23.7616050832,24.2465260720,2649.3107893588,4523.9912510139,4.3975443372,0.0135849563,19.3383961976,0.0001845510,5.0000000000,1.6261787774,1.7578661458,-0.7868957520,1.2048992749,0.9999898117,0.1459651300,large,174,A
